uc_id,tut_id,label_tutorial,total_parts,total_steps,part_id,part_id_name,label_part,step_id,step_name_id,label_step,show_sub_panels,show_panel_left,show_panel_single,show_right_page,combo_right_object,show_right_object,show_sub_steps,data_panels_only,panel_left,panel_right,panel_single,emb_object_src,emb_object_title,emb_object_type,showNextPartButton,showNextButton,showPreviousButton,step_0_state,step_1_state,step_2_state,step_3_state,step_4_state,step_5_state,step_6_state,step_7_state,step_8_state,pre_build_show,pre_build_emb_view,pre_build_emb_vid,pre_build_emb_srch,pre_build_emb_dash,pre_build_emb_rpt,directory,short_description
start_cfg_wiz,ms_ad_obj_cfg_wiz,MS Windows AD Objects Configuration ,5,0,0,ms_ad_obj_cfg_wiz_p0,Overview,0,ms_ad_obj_cfg_wiz_p0,Overview,undefined,undefined,undefined,undefined,undefined,undefined,undefined,undefined,,,,,none,,T,T,undefined,hidden,hidden,hidden,hidden,hidden,hidden,hidden,hidden,hidden,,,,/manager/ms_windows_ad_objects/data/indexes?hideChrome=True&hideEdit=True,/manager/ms_windows_ad_objects/saved/eventtypes?ns=ms_windows_ad_objects&pwnr=-&app_only=1&search=index&count=25?hideChrome=True&hideEdit=True,ad_objects__initial_build_copy?hideChrome=True&hideEdit=True,,This brief tutorial will quickly walk you through a Secuirty - Scenario around using Splunk to determine Indicators of Compromise.
start_cfg_wiz,ms_ad_obj_cfg_wiz,MS Windows AD Objects Configuration ,5,0,1,ms_ad_obj_cfg_wiz_p1,Indexes,0,ms_ad_obj_cfg_wiz_p1,Indexes,T,T,undefined,T,undefined,T,undefined,undefined,wiz_content/start_cfg/ms_ad_obj_cfg_wiz_p1.html,,,/manager/ms_windows_ad_objects/data/indexes?hideChrome=True&hideEdit=True,none,srch_object,T,T,T,hidden,hidden,hidden,hidden,hidden,hidden,hidden,hidden,hidden,,,,,,,,This brief tutorial will quickly walk you through a Secuirty - Scenario around using Splunk to determine Indicators of Compromise.
start_cfg_wiz,ms_ad_obj_cfg_wiz,MS Windows AD Objects Configuration ,5,0,2,ms_ad_obj_cfg_wiz_p2,Eventtypes,0,ms_ad_obj_cfg_wiz_p2,Eventtypes,T,T,undefined,T,undefined,T,undefined,undefined,wiz_content/start_cfg/ms_ad_obj_cfg_wiz_p2.html,,,/manager/ms_windows_ad_objects/saved/eventtypes?ns=ms_windows_ad_objects&pwnr=-&app_only=1&search=index&count=25?hideChrome=True&hideEdit=True,none,dash_object,T,T,T,hidden,hidden,hidden,hidden,hidden,hidden,hidden,hidden,hidden,,,,,,,wiz_content/start_cfg/,This brief tutorial will quickly walk you through the process of understanding the basics of Splunk for Industrial Data and the Internet of Things.
start_cfg_wiz,ms_ad_obj_cfg_wiz,MS Windows AD Objects Configuration ,5,0,3,ms_ad_obj_cfg_wiz_p3,Data,0,ms_ad_obj_cfg_wiz_p3,Data,T,T,undefined,T,undefined,undefined,undefined,undefined,wiz_content/start_cfg/ms_ad_obj_cfg_wiz_p3.html,,,,none,,T,T,T,hidden,hidden,hidden,hidden,hidden,hidden,hidden,hidden,hidden,,,,,,,,This brief tutorial will quickly walk you through a Secuirty - Scenario around using Splunk to determine Indicators of Compromise.
start_cfg_wiz,ms_ad_obj_cfg_wiz,MS Windows AD Objects Configuration ,5,0,4,ms_ad_obj_cfg_wiz_p4,Build Lookups,0,ms_ad_obj_cfg_wiz_p4,Build Lookups,T,T,undefined,T,undefined,T,undefined,undefined,wiz_content/start_cfg/ms_ad_obj_cfg_wiz_p4.html,,,ad_objects__initial_build_copy?hideChrome=True&hideEdit=True,none,rpt_object,T,T,T,hidden,hidden,hidden,hidden,hidden,hidden,hidden,hidden,hidden,,,,,,,,This brief tutorial will quickly walk you through a Secuirty - Scenario around using Splunk to determine Indicators of Compromise.
start_cfg_wiz,ms_ad_obj_cfg_wiz,MS Windows AD Objects Configuration ,5,0,5,ms_ad_obj_cfg_wiz_p5,Finish,0,ms_ad_obj_cfg_wiz_p5,Finish,T,T,undefined,T,undefined,undefined,undefined,undefined,tutorial/itoa/appmgmt/wt_appmgmt_p4.html,,tutorial/ba/timeshare/wt_ba_timesh_finish.html,,none,,undefined,undefined,T,hidden,hidden,hidden,hidden,hidden,hidden,hidden,hidden,hidden,,,,search?q=%60vj_walk%60%20sourcetype%3Dvj%3Aaccess_combined%20%22action%3Dpurchase%22%20%22503%22%20%22verify_funds%22&display.page.search.mode=verbose&earliest=-60m%40m&latest=now&hideChrome=True&hideEdit=True,,,,This brief tutorial will quickly walk you through a Secuirty - Scenario around using Splunk to determine Indicators of Compromise.
uc_ba,tut_ba_oview,Overview - Business Analytics,5,0,0,tut_ba_oview_p0,Overview,0,tut_ba_oview_p0,,T,T,undefined,T,undefined,undefined,undefined,undefined,tutorial/ba/overview/tut_ba_oview_start.html,tutorial/ba/overview/tut_ba_oview_starta.html,,,none,,undefined,T,undefined,hidden,hidden,hidden,hidden,hidden,hidden,hidden,hidden,hidden,,,https://play.vidyard.com/25EvXgo7SJvT7ST5f4BSkH?v=3.1.1,,,,tutorial/ba/overview/,This brief tutorial will quickly walk you through the process of understanding the basics of Splunk for Industrial Data and the Internet of Things.
uc_ba,tut_ba_oview,Overview - Business Analytics,5,4,1,tut_ba_oview_p1,Business Process,0,tut_ba_oview_p1_s0,Start,T,T,undefined,T,undefined,undefined,T,undefined,tutorial/ba/overview/tut_ba_oview_p1_s0.html,tutorial/ba/overview/tut_ba_oview_p1_s0a.html,,,none,,undefined,T,undefined,active,not_active,not_active,not_active,not_active,hidden,hidden,hidden,hidden,,,,,,,tutorial/ba/overview/,This brief tutorial will quickly walk you through the process of understanding the basics of Splunk for Industrial Data and the Internet of Things.
uc_ba,tut_ba_oview,Overview - Business Analytics,5,4,1,tut_ba_oview_p1,Business Process,1,tut_ba_oview_p1_s1,Step_1,T,T,undefined,T,undefined,undefined,T,undefined,tutorial/ba/overview/tut_ba_oview_p1_s1.html,tutorial/ba/overview/tut_ba_oview_p1_s1a.html,,,none,,undefined,T,T,active,active,not_active,not_active,not_active,hidden,hidden,hidden,hidden,,,,,,,tutorial/ba/overview/,This brief tutorial will quickly walk you through the process of understanding the basics of Splunk for Industrial Data and the Internet of Things.
uc_ba,tut_ba_oview,Overview - Business Analytics,5,4,1,tut_ba_oview_p1,Business Process,2,tut_ba_oview_p1_s2,Step_2,T,T,undefined,T,undefined,undefined,T,undefined,tutorial/ba/overview/tut_ba_oview_p1_s2.html,tutorial/ba/overview/tut_ba_oview_p1_s2a.html,,,none,,undefined,T,T,active,active,active,not_active,not_active,hidden,hidden,hidden,hidden,,,,,,,tutorial/ba/overview/,This brief tutorial will quickly walk you through the process of understanding the basics of Splunk for Industrial Data and the Internet of Things.
uc_ba,tut_ba_oview,Overview - Business Analytics,5,4,1,tut_ba_oview_p1,Business Process,3,tut_ba_oview_p1_s3,Step_3,T,T,undefined,T,undefined,undefined,T,undefined,tutorial/ba/overview/tut_ba_oview_p1_s3.html,tutorial/ba/overview/tut_ba_oview_p1_s3a.html,,,none,,undefined,T,T,active,active,active,active,not_active,hidden,hidden,hidden,hidden,,,,,,,tutorial/ba/overview/,This brief tutorial will quickly walk you through the process of understanding the basics of Splunk for Industrial Data and the Internet of Things.
uc_ba,tut_ba_oview,Overview - Business Analytics,5,4,1,tut_ba_oview_p1,Business Process,4,tut_ba_oview_p1_s4,Step_4,T,T,undefined,T,undefined,undefined,T,undefined,tutorial/ba/overview/tut_ba_oview_p1_s4.html,tutorial/ba/overview/tut_ba_oview_p1_s4a.html,,,none,,T,undefined,T,active,active,active,active,active,hidden,hidden,hidden,hidden,,,,,,,tutorial/ba/overview/,This brief tutorial will quickly walk you through the process of understanding the basics of Splunk for Industrial Data and the Internet of Things.
uc_ba,tut_ba_oview,Overview - Business Analytics,5,4,2,tut_ba_oview_p2,Customer Experience,0,tut_ba_oview_p2_s0,Start,T,T,undefined,T,undefined,undefined,T,undefined,tutorial/ba/overview/tut_ba_oview_p2_s0.html,tutorial/ba/overview/tut_ba_oview_p2_s0a.html,,,none,,undefined,T,undefined,active,not_active,not_active,not_active,not_active,hidden,hidden,hidden,hidden,,,,,,,tutorial/ba/overview/,This brief tutorial will quickly walk you through the process of understanding the basics of Splunk for Industrial Data and the Internet of Things.
uc_ba,tut_ba_oview,Overview - Business Analytics,5,4,2,tut_ba_oview_p2,Customer Experience,1,tut_ba_oview_p2_s1,Step_1,T,T,undefined,T,undefined,undefined,T,undefined,tutorial/ba/overview/tut_ba_oview_p2_s1.html,tutorial/ba/overview/tut_ba_oview_p2_s1a.html,,,none,,undefined,T,T,active,active,not_active,not_active,not_active,hidden,hidden,hidden,hidden,,,,,,,tutorial/ba/overview/,This brief tutorial will quickly walk you through the process of understanding the basics of Splunk for Industrial Data and the Internet of Things.
uc_ba,tut_ba_oview,Overview - Business Analytics,5,4,2,tut_ba_oview_p2,Customer Experience,2,tut_ba_oview_p2_s2,Step_2,T,T,undefined,T,undefined,undefined,T,undefined,tutorial/ba/overview/tut_ba_oview_p2_s2.html,tutorial/ba/overview/tut_ba_oview_p2_s2a.html,,,none,,undefined,T,T,active,active,active,not_active,not_active,hidden,hidden,hidden,hidden,,,,,,,tutorial/ba/overview/,This brief tutorial will quickly walk you through the process of understanding the basics of Splunk for Industrial Data and the Internet of Things.
uc_ba,tut_ba_oview,Overview - Business Analytics,5,4,2,tut_ba_oview_p2,Customer Experience,3,tut_ba_oview_p2_s3,Step_3,T,T,undefined,T,undefined,undefined,T,undefined,tutorial/ba/overview/tut_ba_oview_p2_s3.html,tutorial/ba/overview/tut_ba_oview_p2_s3a.html,,,none,,undefined,T,T,active,active,active,active,not_active,hidden,hidden,hidden,hidden,,,,,,,tutorial/ba/overview/,This brief tutorial will quickly walk you through the process of understanding the basics of Splunk for Industrial Data and the Internet of Things.
uc_ba,tut_ba_oview,Overview - Business Analytics,5,4,2,tut_ba_oview_p2,Customer Experience,4,tut_ba_oview_p2_s4,Step_4,T,T,undefined,T,undefined,undefined,T,undefined,tutorial/ba/overview/tut_ba_oview_p2_s4.html,tutorial/ba/overview/tut_ba_oview_p2_s4a.html,,,none,,T,undefined,T,active,active,active,active,active,hidden,hidden,hidden,hidden,,,,,,,tutorial/ba/overview/,This brief tutorial will quickly walk you through the process of understanding the basics of Splunk for Industrial Data and the Internet of Things.
uc_ba,tut_ba_oview,Overview - Business Analytics,5,2,3,tut_ba_oview_p3,Product,0,tut_ba_oview_p3_s0,Start,T,T,undefined,T,undefined,undefined,T,undefined,tutorial/ba/overview/tut_ba_oview_p3_s0.html,tutorial/ba/overview/tut_ba_oview_p3_s0a.html,,,none,,undefined,T,undefined,active,not_active,not_active,hidden,hidden,hidden,hidden,hidden,hidden,,,,,,,tutorial/ba/overview/,This brief tutorial will quickly walk you through the process of understanding the basics of Splunk.
uc_ba,tut_ba_oview,Overview - Business Analytics,5,2,3,tut_ba_oview_p3,Product,1,tut_ba_oview_p3_s1,Step_1,T,T,undefined,T,undefined,undefined,T,undefined,tutorial/ba/overview/tut_ba_oview_p3_s1.html,tutorial/ba/overview/tut_ba_oview_p3_s1a.html,,,none,,undefined,T,T,active,active,not_active,hidden,hidden,hidden,hidden,hidden,hidden,,,,,,,tutorial/ba/overview/,This brief tutorial will quickly walk you through the process of understanding the basics of Splunk.
uc_ba,tut_ba_oview,Overview - Business Analytics,5,2,3,tut_ba_oview_p3,Product,2,tut_ba_oview_p3_s2,Step_2,T,T,undefined,T,undefined,undefined,T,undefined,tutorial/ba/overview/tut_ba_oview_p3_s2.html,tutorial/ba/overview/tut_ba_oview_p3_s2a.html,,,none,,T,undefined,T,active,active,active,hidden,hidden,hidden,hidden,hidden,hidden,,,,,,,tutorial/ba/overview/,This brief tutorial will quickly walk you through the process of understanding the basics of Splunk.
uc_ba,tut_ba_oview,Overview - Business Analytics,5,3,4,tut_ba_oview_p4,Digital Marketing,0,tut_ba_oview_p4_s0,Start,T,T,undefined,T,undefined,undefined,T,undefined,tutorial/ba/overview/tut_ba_oview_p4_s0.html,tutorial/ba/overview/tut_ba_oview_p4_s0a.html,,,none,,undefined,T,undefined,active,not_active,not_active,hidden,hidden,hidden,hidden,hidden,hidden,,,,,,,tutorial/ba/overview/,This brief tutorial will quickly walk you through the process of understanding the basics of Splunk.
uc_ba,tut_ba_oview,Overview - Business Analytics,5,3,4,tut_ba_oview_p4,Digital Marketing,1,tut_ba_oview_p4_s1,Step_1,T,T,undefined,T,undefined,undefined,T,undefined,tutorial/ba/overview/tut_ba_oview_p4_s1.html,tutorial/ba/overview/tut_ba_oview_p4_s1a.html,,,none,,undefined,T,T,active,active,not_active,hidden,hidden,hidden,hidden,hidden,hidden,,,,,,,tutorial/ba/overview/,This brief tutorial will quickly walk you through the process of understanding the basics of Splunk.
uc_ba,tut_ba_oview,Overview - Business Analytics,5,3,4,tut_ba_oview_p4,Digital Marketing,2,tut_ba_oview_p4_s2,Step_3,T,T,undefined,T,undefined,undefined,T,undefined,tutorial/ba/overview/tut_ba_oview_p4_s2.html,tutorial/ba/overview/tut_ba_oview_p4_s2a.html,,,none,,T,undefined,T,active,active,active,hidden,hidden,hidden,hidden,hidden,hidden,,,,,,,tutorial/ba/overview/,This brief tutorial will quickly walk you through the process of understanding the basics of Splunk.
uc_ba,tut_ba_oview,Overview - Business Analytics,5,0,5,tut_ba_oview_p5,Next Steps,0,tut_ba_oview_p5,,T,undefined,T,undefined,undefined,undefined,undefined,undefined,,,tutorial/ba/overview/tut_ba_oview_finish.html,,none,,undefined,undefined,T,hidden,hidden,hidden,hidden,hidden,hidden,hidden,hidden,hidden,,,,,,,tutorial/ba/overview/,This brief tutorial will quickly walk you through the process of understanding the basics of Splunk.
splk_core,tut_core_oview,Overview - Splunk Core,4,0,0,tut_iot_oview_p0,Overview,0,tut_core_oview_p0,,T,T,undefined,T,undefined,undefined,undefined,undefined,tutorial/core/overview/tut_core_oview_start.html,tutorial/core/overview/tut_core_oview_starta.html,,,none,,undefined,T,undefined,hidden,hidden,hidden,hidden,hidden,hidden,hidden,hidden,hidden,,,https://play.vidyard.com/6u5cSSLg9K8cpep5CvQuEv?v=4.2.14,,,,tutorial/core/overview/,This brief tutorial will quickly walk you through the process of understanding the basics of Splunk.
splk_core,tut_core_oview,Overview - Splunk Core,4,4,1,tut_core_oview_p1,Machine Data,0,tut_core_oview_p1_s0,Start,T,T,undefined,T,undefined,undefined,T,undefined,tutorial/core/overview/tut_core_oview_p1_s0.html,tutorial/core/overview/tut_core_oview_p1_s0a.html,,,none,,undefined,T,T,active,not_active,not_active,not_active,not_active,hidden,hidden,hidden,hidden,,,,,,,tutorial/core/overview/,This brief tutorial will quickly walk you through the process of understanding the basics of Splunk.
splk_core,tut_core_oview,Overview - Splunk Core,4,4,1,tut_core_oview_p1,Machine Data,1,tut_core_oview_p1_s1,Step_1,T,T,undefined,T,undefined,undefined,T,undefined,tutorial/core/overview/tut_core_oview_p1_s1.html,tutorial/core/overview/tut_core_oview_p1_s1a.html,,,none,,undefined,T,T,active,active,not_active,not_active,not_active,hidden,hidden,hidden,hidden,,,,,,,tutorial/core/overview/,This brief tutorial will quickly walk you through the process of understanding the basics of Splunk.
splk_core,tut_core_oview,Overview - Splunk Core,4,4,1,tut_core_oview_p1,Machine Data,2,tut_core_oview_p1_s2,Step_2,T,T,undefined,T,undefined,undefined,T,undefined,tutorial/core/overview/tut_core_oview_p1_s2.html,tutorial/core/overview/tut_core_oview_p1_s2a.html,,,none,,undefined,T,T,active,active,active,not_active,not_active,hidden,hidden,hidden,hidden,,,,,,,tutorial/core/overview/,This brief tutorial will quickly walk you through the process of understanding the basics of Splunk.
splk_core,tut_core_oview,Overview - Splunk Core,4,4,1,tut_core_oview_p1,Machine Data,3,tut_core_oview_p1_s3,Step_3,T,T,undefined,T,undefined,undefined,T,undefined,tutorial/core/overview/tut_core_oview_p1_s3.html,tutorial/core/overview/tut_core_oview_p1_s3a.html,,,none,,undefined,T,T,active,active,active,active,not_active,hidden,hidden,hidden,hidden,,,,,,,tutorial/core/overview/,This brief tutorial will quickly walk you through the process of understanding the basics of Splunk.
splk_core,tut_core_oview,Overview - Splunk Core,4,4,1,tut_core_oview_p1,Machine Data,4,tut_core_oview_p1_s4,Step_4,T,T,undefined,T,undefined,undefined,T,undefined,tutorial/core/overview/tut_core_oview_p1_s4.html,tutorial/core/overview/tut_core_oview_p1_s4a.html,,,none,,T,undefined,T,active,active,active,active,active,hidden,hidden,hidden,hidden,,,,,,,tutorial/core/overview/,This brief tutorial will quickly walk you through the process of understanding the basics of Splunk.
splk_core,tut_core_oview,Overview - Splunk Core,4,0,2,tut_core_oview_p2,Functionality,0,tut_core_oview_p2_s0,Start,T,undefined,T,undefined,undefined,undefined,undefined,undefined,,,tutorial/core/overview/tut_core_oview_p2_s0.html,,none,,undefined,T,T,hidden,hidden,hidden,hidden,hidden,hidden,hidden,hidden,hidden,,,,,,,tutorial/core/overview/,This brief tutorial will quickly walk you through the process of understanding the basics of Splunk.
splk_core,tut_core_oview,Overview - Splunk Core,4,5,3,tut_core_oview_p3,Differentiators,0,tut_core_oview_p3_s0,Start,T,T,undefined,T,undefined,undefined,T,undefined,tutorial/core/overview/tut_core_oview_p3_s0.html,tutorial/core/overview/tut_core_oview_p3_s0a.html,,,none,,undefined,T,T,active,not_active,not_active,not_active,not_active,not_active,hidden,hidden,hidden,,,,,,,tutorial/core/overview/,This brief tutorial will quickly walk you through the process of understanding the basics of Splunk.
splk_core,tut_core_oview,Overview - Splunk Core,4,5,3,tut_core_oview_p3,Differentiators,1,tut_core_oview_p3_s1,Step_1,T,T,undefined,T,undefined,undefined,T,undefined,tutorial/core/overview/tut_core_oview_p3_s1.html,tutorial/core/overview/tut_core_oview_p3_s1a.html,,,none,,undefined,T,T,active,active,not_active,not_active,not_active,not_active,hidden,hidden,hidden,,,,,,,tutorial/core/overview/,This brief tutorial will quickly walk you through the process of understanding the basics of Splunk.
splk_core,tut_core_oview,Overview - Splunk Core,4,5,3,tut_core_oview_p3,Differentiators,2,tut_core_oview_p3_s2,Step_2,T,T,undefined,T,undefined,undefined,T,undefined,tutorial/core/overview/tut_core_oview_p3_s2.html,tutorial/core/overview/tut_core_oview_p3_s2a.html,,,none,,undefined,T,T,active,active,active,not_active,not_active,not_active,hidden,hidden,hidden,,,,,,,tutorial/core/overview/,This brief tutorial will quickly walk you through the process of understanding the basics of Splunk.
splk_core,tut_core_oview,Overview - Splunk Core,4,5,3,tut_core_oview_p3,Differentiators,3,tut_core_oview_p3_s3,Step_3,T,T,undefined,T,undefined,undefined,T,undefined,tutorial/core/overview/tut_core_oview_p3_s3.html,tutorial/core/overview/tut_core_oview_p3_s3a.html,,,none,,undefined,T,T,active,active,active,active,not_active,not_active,hidden,hidden,hidden,,,,,,,tutorial/core/overview/,This brief tutorial will quickly walk you through the process of understanding the basics of Splunk.
splk_core,tut_core_oview,Overview - Splunk Core,4,5,3,tut_core_oview_p3,Differentiators,4,tut_core_oview_p3_s4,Step_4,T,T,undefined,T,undefined,undefined,T,undefined,tutorial/core/overview/tut_core_oview_p3_s4.html,tutorial/core/overview/tut_core_oview_p3_s4a.html,,,none,,undefined,T,T,active,active,active,active,active,not_active,hidden,hidden,hidden,,,,,,,tutorial/core/overview/,This brief tutorial will quickly walk you through the process of understanding the basics of Splunk.
splk_core,tut_core_oview,Overview - Splunk Core,4,5,3,tut_core_oview_p3,Differentiators,5,tut_core_oview_p3_s5,Step_5,T,T,undefined,T,undefined,undefined,T,undefined,tutorial/core/overview/tut_core_oview_p3_s5.html,tutorial/core/overview/tut_core_oview_p3_s5a.html,,,none,,T,undefined,T,active,active,active,active,active,active,hidden,hidden,hidden,,,,,,,tutorial/core/overview/,This brief tutorial will quickly walk you through the process of understanding the basics of Splunk.
splk_core,tut_core_oview,Overview - Splunk Core,4,0,4,tut_core_oview_p4,Next Steps,0,tut_core_oview_p4,,T,undefined,T,undefined,undefined,undefined,undefined,undefined,,,tutorial/core/overview/tut_core_oview_finish.html,,none,,undefined,undefined,T,hidden,hidden,hidden,hidden,hidden,hidden,hidden,hidden,hidden,,,,,,,tutorial/core/overview/,This brief tutorial will quickly walk you through the process of understanding the basics of Splunk.
splk_core,tut_core_srch,Walkthrough - Core - Search Tutorial,6,0,0,tut_core_srch_p0,Overview,0,tut_core_srch_p0,Start,T,undefined,T,undefined,undefined,undefined,undefined,undefined,,,tutorial/core/search/tut_core_srch_overview.html,,none,,undefined,T,undefined,not_active,not_active,not_active,not_active,not_active,not_active,hidden,hidden,hidden,,,,search?q=&display.page.search.mode=verbose&earliest=-4h%40h&latest=now&hideChrome=True&hideEdit=True,dashboards?hideSplunkBar=True,reports?hideSplunkBar=True,tutorial/core/search,"In this section, you will save a search as a dashboard panel and add an input element to the dashboard."
splk_core,tut_core_srch,Walkthrough - Core - Search Tutorial,6,5,1,tut_core_srch_p1,UI Components,0,tut_core_srch_p1_s0,Start,T,T,undefined,T,undefined,undefined,T,undefined,tutorial/core/search/tut_core_srch_p1_s0.html,tutorial/core/search/tut_core_srch_p1_s0a.html,,,none,,undefined,T,undefined,active,not_active,not_active,not_active,not_active,not_active,hidden,hidden,hidden,,,,,,,tutorial/core/search,"In this section, you will save a search as a dashboard panel and add an input element to the dashboard."
splk_core,tut_core_srch,Walkthrough - Core - Search Tutorial,6,5,1,tut_core_srch_p1,UI Components,1,tut_core_srch_p1_s1,Step 1,T,T,undefined,T,undefined,undefined,T,undefined,tutorial/core/search/tut_core_srch_p1_s1.html,tutorial/core/search/tut_core_srch_p1_s1a.html,,,none,srch_object,undefined,T,T,active,active,not_active,not_active,not_active,not_active,hidden,hidden,hidden,,,,,,,tutorial/core/search,This section will hows you how to save and share your searches and explores more detailed search examples.
splk_core,tut_core_srch,Walkthrough - Core - Search Tutorial,6,5,1,tut_core_srch_p1,UI Components,2,tut_core_srch_p1_s2,Step 2,T,T,undefined,undefined,undefined,T,T,undefined,tutorial/core/search/tut_core_srch_p1_s2.html,,,,none,srch_object,undefined,T,T,active,active,active,not_active,not_active,not_active,hidden,hidden,hidden,,,,,,,tutorial/core/search,"In this section, you walk through how to leverage external content to enhance your visualization and usage of your data."
splk_core,tut_core_srch,Walkthrough - Core - Search Tutorial,6,5,1,tut_core_srch_p1,UI Components,3,tut_core_srch_p1_s3,Step 3,T,T,undefined,T,undefined,undefined,T,undefined,tutorial/core/search/tut_core_srch_p1_s3.html,tutorial/core/search/tut_core_srch_p1_s3a.html,,,none,srch_object,undefined,T,T,active,active,active,active,not_active,not_active,hidden,hidden,hidden,,,,,,,tutorial/core/search,"During this section we will walk through the basic Splunk Search UI components used for Searching and Reporting, and available in any Splunk UI Application."
splk_core,tut_core_srch,Walkthrough - Core - Search Tutorial,6,5,1,tut_core_srch_p1,UI Components,4,tut_core_srch_p1_s4,Step 4,T,T,undefined,undefined,undefined,T,T,undefined,tutorial/core/search/tut_core_srch_p1_s4.html,,,,none,srch_object,undefined,T,T,active,active,active,active,active,not_active,hidden,hidden,hidden,,,,,,,tutorial/core/search,"In this section, you will save a search as a dashboard panel and add an input element to the dashboard."
splk_core,tut_core_srch,Walkthrough - Core - Search Tutorial,6,5,1,tut_core_srch_p1,UI Components,5,tut_core_srch_p1_s5,Review,T,T,undefined,T,undefined,undefined,T,undefined,tutorial/core/search/tut_core_srch_p1_s5.html,tutorial/core/search/tut_core_srch_p1_s5a.html,,,none,,T,undefined,T,active,active,active,active,active,active,hidden,hidden,hidden,,,,,,,tutorial/core/search,This section will hows you how to save and share your searches and explores more detailed search examples.
splk_core,tut_core_srch,Walkthrough - Core - Search Tutorial,6,6,2,tut_core_srch_p2,Exploring Data,0,tut_core_srch_p2_s0,Start,T,T,undefined,T,undefined,undefined,T,undefined,tutorial/core/search/tut_core_srch_p2_s0.html,tutorial/core/search/tut_core_srch_p2_s0a.html,,,none,,undefined,T,undefined,active,not_active,not_active,not_active,not_active,not_active,not_active,hidden,hidden,,,,,,,tutorial/core/search,"In this section, you walk through how to leverage external content to enhance your visualization and usage of your data."
splk_core,tut_core_srch,Walkthrough - Core - Search Tutorial,6,6,2,tut_core_srch_p2,Exploring Data,1,tut_core_srch_p2_s1,Step 1,T,T,undefined,undefined,undefined,T,T,undefined,tutorial/core/search/tut_core_srch_p2_s1.html,,,,none,srch_object,undefined,T,T,active,active,not_active,not_active,not_active,not_active,not_active,hidden,hidden,,,,,,,tutorial/core/search,"During this section we will walk through the basic Splunk Search UI components used for Searching and Reporting, and available in any Splunk UI Application."
splk_core,tut_core_srch,Walkthrough - Core - Search Tutorial,6,6,2,tut_core_srch_p2,Exploring Data,2,tut_core_srch_p2_s2,Step 2,T,T,undefined,undefined,undefined,T,T,undefined,tutorial/core/search/tut_core_srch_p2_s2.html,,,,none,srch_object,undefined,T,T,active,active,active,not_active,not_active,not_active,not_active,hidden,hidden,,,,,,,tutorial/core/search,"In this section, you will save a search as a dashboard panel and add an input element to the dashboard."
splk_core,tut_core_srch,Walkthrough - Core - Search Tutorial,6,6,2,tut_core_srch_p2,Exploring Data,3,tut_core_srch_p2_s3,Step 3,T,T,undefined,undefined,undefined,T,T,undefined,tutorial/core/search/tut_core_srch_p2_s3.html,,,,none,srch_object,undefined,T,T,active,active,active,active,not_active,not_active,not_active,hidden,hidden,,,,,,,tutorial/core/search,This section will hows you how to save and share your searches and explores more detailed search examples.
splk_core,tut_core_srch,Walkthrough - Core - Search Tutorial,6,6,2,tut_core_srch_p2,Exploring Data,4,tut_core_srch_p2_s4,Step 4,T,T,undefined,undefined,undefined,T,T,undefined,tutorial/core/search/tut_core_srch_p2_s4.html,,,,none,srch_object,undefined,T,T,active,active,active,active,active,not_active,not_active,hidden,hidden,,,,,,,tutorial/core/search,"In this section, you walk through how to leverage external content to enhance your visualization and usage of your data."
splk_core,tut_core_srch,Walkthrough - Core - Search Tutorial,6,6,2,tut_core_srch_p2,Exploring Data,5,tut_core_srch_p2_s5,Step 5,T,T,undefined,undefined,undefined,T,T,undefined,tutorial/core/search/tut_core_srch_p2_s5.html,,,,none,srch_object,undefined,T,T,active,active,active,active,active,active,not_active,hidden,hidden,,,,,,,tutorial/core/search,"During this section we will walk through the basic Splunk Search UI components used for Searching and Reporting, and available in any Splunk UI Application."
splk_core,tut_core_srch,Walkthrough - Core - Search Tutorial,6,6,2,tut_core_srch_p2,Exploring Data,6,tut_core_srch_p2_s6,Review,T,T,undefined,T,undefined,undefined,T,undefined,tutorial/core/search/tut_core_srch_p2_s6.html,tutorial/core/search/tut_core_srch_p2_s6a.html,,,none,,T,undefined,T,active,active,active,active,active,active,active,hidden,hidden,,,,,,,tutorial/core/search,"In this section, you will save a search as a dashboard panel and add an input element to the dashboard."
splk_core,tut_core_srch,Walkthrough - Core - Search Tutorial,6,5,3,tut_core_srch_p3,Enriching Events,0,tut_core_srch_p3_s0,Start,T,T,undefined,T,undefined,undefined,T,undefined,tutorial/core/search/tut_core_srch_p3_s0.html,tutorial/core/search/tut_core_srch_p3_s0a.html,,,none,,undefined,T,undefined,active,not_active,not_active,not_active,not_active,not_active,hidden,hidden,hidden,,,,,,,tutorial/core/search,This section will hows you how to save and share your searches and explores more detailed search examples.
splk_core,tut_core_srch,Walkthrough - Core - Search Tutorial,6,5,3,tut_core_srch_p3,Enriching Events,1,tut_core_srch_p3_s1,Step 1,T,T,undefined,undefined,undefined,T,T,undefined,tutorial/core/search/tut_core_srch_p3_s1.html,,,,none,srch_object,undefined,T,T,active,active,not_active,not_active,not_active,not_active,hidden,hidden,hidden,,,,,,,tutorial/core/search,"In this section, you walk through how to leverage external content to enhance your visualization and usage of your data."
splk_core,tut_core_srch,Walkthrough - Core - Search Tutorial,6,5,3,tut_core_srch_p3,Enriching Events,2,tut_core_srch_p3_s2,Step 2,T,T,undefined,undefined,undefined,T,T,undefined,tutorial/core/search/tut_core_srch_p3_s2.html,,,,none,srch_object,undefined,T,T,active,active,active,not_active,not_active,not_active,hidden,hidden,hidden,,,,,,,tutorial/core/search,"During this section we will walk through the basic Splunk Search UI components used for Searching and Reporting, and available in any Splunk UI Application."
splk_core,tut_core_srch,Walkthrough - Core - Search Tutorial,6,5,3,tut_core_srch_p3,Enriching Events,3,tut_core_srch_p3_s3,Step 3,T,T,undefined,undefined,undefined,T,T,undefined,tutorial/core/search/tut_core_srch_p3_s3.html,,,,none,srch_object,undefined,T,T,active,active,active,active,not_active,not_active,hidden,hidden,hidden,,,,,,,tutorial/core/search,"In this section, you will save a search as a dashboard panel and add an input element to the dashboard."
splk_core,tut_core_srch,Walkthrough - Core - Search Tutorial,6,5,3,tut_core_srch_p3,Enriching Events,4,tut_core_srch_p3_s4,Step 4,T,T,undefined,undefined,undefined,T,T,undefined,tutorial/core/search/tut_core_srch_p3_s4.html,,,,none,srch_object,undefined,T,T,active,active,active,active,active,not_active,hidden,hidden,hidden,,,,,,,tutorial/core/search,This section will hows you how to save and share your searches and explores more detailed search examples.
splk_core,tut_core_srch,Walkthrough - Core - Search Tutorial,6,5,3,tut_core_srch_p3,Enriching Events,5,tut_core_srch_p3_s5,Review,T,T,undefined,T,undefined,undefined,T,undefined,tutorial/core/search/tut_core_srch_p3_s5.html,tutorial/core/search/tut_core_srch_p3_s5a.html,,,none,,T,undefined,T,active,active,active,active,active,active,hidden,hidden,hidden,,,,,,,tutorial/core/search,"During this section we will walk through the basic Splunk Search UI components used for Searching and Reporting, and available in any Splunk UI Application."
splk_core,tut_core_srch,Walkthrough - Core - Search Tutorial,6,5,4,tut_core_srch_p4,Reports,0,tut_core_srch_p4_s0,Start,T,T,undefined,T,undefined,undefined,T,undefined,tutorial/core/search/tut_core_srch_p4_s0.html,tutorial/core/search/tut_core_srch_p4_s0a.html,,,none,,undefined,T,undefined,active,not_active,not_active,not_active,not_active,not_active,hidden,hidden,hidden,,,,,,,tutorial/core/search,"In this section, you will save a search as a dashboard panel and add an input element to the dashboard."
splk_core,tut_core_srch,Walkthrough - Core - Search Tutorial,6,5,4,tut_core_srch_p4,Reports,1,tut_core_srch_p4_s1,Step 1,T,T,undefined,undefined,undefined,T,T,undefined,tutorial/core/search/tut_core_srch_p4_s1.html,,,,none,srch_object,undefined,T,T,active,active,not_active,not_active,not_active,not_active,hidden,hidden,hidden,,,,,,,tutorial/core/search,This section will hows you how to save and share your searches and explores more detailed search examples.
splk_core,tut_core_srch,Walkthrough - Core - Search Tutorial,6,5,4,tut_core_srch_p4,Reports,2,tut_core_srch_p4_s2,Step 2,T,T,undefined,undefined,undefined,T,T,undefined,tutorial/core/search/tut_core_srch_p4_s2.html,,,,none,rpt_object,undefined,T,T,active,active,active,not_active,not_active,not_active,hidden,hidden,hidden,,,,,,,tutorial/core/search,"In this section, you walk through how to leverage external content to enhance your visualization and usage of your data."
splk_core,tut_core_srch,Walkthrough - Core - Search Tutorial,6,5,4,tut_core_srch_p4,Reports,3,tut_core_srch_p4_s3,Step 3,T,T,undefined,undefined,undefined,T,T,undefined,tutorial/core/search/tut_core_srch_p4_s3.html,,,,none,srch_object,undefined,T,T,active,active,active,active,not_active,not_active,hidden,hidden,hidden,,,,,,,tutorial/core/search,"During this section we will walk through the basic Splunk Search UI components used for Searching and Reporting, and available in any Splunk UI Application."
splk_core,tut_core_srch,Walkthrough - Core - Search Tutorial,6,5,4,tut_core_srch_p4,Reports,4,tut_core_srch_p4_s4,Step 4,T,T,undefined,undefined,undefined,T,T,undefined,tutorial/core/search/tut_core_srch_p4_s4.html,,,,none,srch_object,undefined,T,T,active,active,active,active,active,not_active,hidden,hidden,hidden,,,,,,,tutorial/core/search,"In this section, you create searches that retrieve events from the index."
splk_core,tut_core_srch,Walkthrough - Core - Search Tutorial,6,5,4,tut_core_srch_p4,Reports,5,tut_core_srch_p4_s5,Review,T,T,undefined,T,undefined,undefined,T,undefined,tutorial/core/search/tut_core_srch_p4_s5.html,tutorial/core/search/tut_core_srch_p4_s5a.html,,,none,,T,undefined,T,active,active,active,active,active,active,hidden,hidden,hidden,,,,,,,tutorial/core/search,"In this section, you create searches that retrieve events from the index."
splk_core,tut_core_srch,Walkthrough - Core - Search Tutorial,6,5,5,tut_core_srch_p5,Dashboards,0,tut_core_srch_p5_s0,Start,T,T,undefined,T,undefined,undefined,T,undefined,tutorial/core/search/tut_core_srch_p5_s0.html,tutorial/core/search/tut_core_srch_p5_s0a.html,,,none,,undefined,T,undefined,active,not_active,not_active,not_active,not_active,not_active,hidden,hidden,hidden,,,,,,,tutorial/core/search,"In this section, you create searches that retrieve events from the index."
splk_core,tut_core_srch,Walkthrough - Core - Search Tutorial,6,5,5,tut_core_srch_p5,Dashboards,1,tut_core_srch_p5_s1,Step 1,T,T,undefined,undefined,undefined,T,T,undefined,tutorial/core/search/tut_core_srch_p5_s1.html,,,,none,srch_object,undefined,T,T,active,active,not_active,not_active,not_active,not_active,hidden,hidden,hidden,,,,,,,tutorial/core/search,"In this section, you create searches that retrieve events from the index."
splk_core,tut_core_srch,Walkthrough - Core - Search Tutorial,6,5,5,tut_core_srch_p5,Dashboards,2,tut_core_srch_p5_s2,Step 2,T,T,undefined,undefined,undefined,T,T,undefined,tutorial/core/search/tut_core_srch_p5_s2.html,,,,none,dash_object,undefined,T,T,active,active,active,not_active,not_active,not_active,hidden,hidden,hidden,,,,,,,tutorial/core/search,"In this section, you create searches that retrieve events from the index."
splk_core,tut_core_srch,Walkthrough - Core - Search Tutorial,6,5,5,tut_core_srch_p5,Dashboards,3,tut_core_srch_p5_s3,Step 3,T,T,undefined,undefined,undefined,T,T,undefined,tutorial/core/search/tut_core_srch_p5_s3.html,,,,none,dash_object,undefined,T,T,active,active,active,active,not_active,not_active,hidden,hidden,hidden,,,,,,,tutorial/core/search,"In this section, you create searches that retrieve events from the index."
splk_core,tut_core_srch,Walkthrough - Core - Search Tutorial,6,5,5,tut_core_srch_p5,Dashboards,4,tut_core_srch_p5_s4,Step 4,T,T,undefined,undefined,undefined,T,T,undefined,tutorial/core/search/tut_core_srch_p5_s4.html,,,,none,srch_object,undefined,T,T,active,active,active,active,active,not_active,hidden,hidden,hidden,,,,,,,tutorial/core/search,"In this section, you create searches that retrieve events from the index."
splk_core,tut_core_srch,Walkthrough - Core - Search Tutorial,6,5,5,tut_core_srch_p5,Dashboards,5,tut_core_srch_p5_s5,Review,T,T,undefined,T,undefined,undefined,T,undefined,tutorial/core/search/tut_core_srch_p5_s5.html,tutorial/core/search/tut_core_srch_p5_s5a.html,,,none,,T,undefined,T,active,active,active,active,active,active,hidden,hidden,hidden,,,,,,,tutorial/core/search,"In this section, you create searches that retrieve events from the index."
splk_core,tut_core_srch,Walkthrough - Core - Search Tutorial,6,0,6,tut_core_srch_p6,Review,0,tut_core_srch_p6,Review,T,undefined,T,undefined,undefined,undefined,undefined,undefined,,,tutorial/core/search/tut_core_srch_finish.html,,none,,undefined,undefined,T,hidden,hidden,hidden,hidden,hidden,hidden,hidden,hidden,hidden,,,,,,,tutorial/core/search,"In this section, you will save a search as a dashboard panel and add an input element to the dashboard."
uc_iot,tut_iot_oview,Overview - Industrial Data and IoT,4,0,0,tut_iot_oview_p0,Overview,0,tut_iot_oview_p0,,T,T,undefined,T,undefined,undefined,undefined,undefined,tutorial/iot/overview/tut_iot_oview_start.html,tutorial/iot/overview/tut_iot_oview_starta.html,,,none,,undefined,T,undefined,hidden,hidden,hidden,hidden,hidden,hidden,hidden,hidden,hidden,,,https://play.vidyard.com/drHPmpJW3Y4Pw6SMkHgBrg?v=3.1.1,,,,tutorial/iot/overview/,This brief tutorial will quickly walk you through the process of understanding the basics of Splunk for Industrial Data and the Internet of Things.
uc_iot,tut_iot_oview,Overview - Industrial Data and IoT,4,5,1,tut_iot_oview_p1,Monitoring,0,tut_iot_oview_p1_s0,,T,T,undefined,T,undefined,undefined,T,undefined,tutorial/iot/overview/tut_iot_oview_p1_s0.html,tutorial/iot/overview/tut_iot_oview_p1_s0a.html,,,none,,undefined,T,T,active,not_active,not_active,not_active,not_active,not_active,hidden,hidden,hidden,,,,,,,tutorial/iot/overview/,This brief tutorial will quickly walk you through the process of understanding the basics of Splunk for Industrial Data and the Internet of Things.
uc_iot,tut_iot_oview,Overview - Industrial Data and IoT,4,5,1,tut_iot_oview_p1,Monitoring,1,tut_iot_oview_p1_s1,Step_1,T,T,undefined,T,undefined,undefined,T,undefined,tutorial/iot/overview/tut_iot_oview_p1_s1.html,tutorial/iot/overview/tut_iot_oview_p1_s1a.html,,,none,,undefined,T,T,active,active,not_active,not_active,not_active,not_active,hidden,hidden,hidden,,,,,,,tutorial/iot/overview/,This brief tutorial will quickly walk you through the process of understanding the basics of Splunk for Industrial Data and the Internet of Things.
uc_iot,tut_iot_oview,Overview - Industrial Data and IoT,4,5,1,tut_iot_oview_p1,Monitoring,2,tut_iot_oview_p1_s2,Step_2,T,T,undefined,T,undefined,undefined,T,undefined,tutorial/iot/overview/tut_iot_oview_p1_s2.html,tutorial/iot/overview/tut_iot_oview_p1_s2a.html,,,none,,undefined,T,T,active,active,active,not_active,not_active,not_active,hidden,hidden,hidden,,,,,,,tutorial/iot/overview/,This brief tutorial will quickly walk you through the process of understanding the basics of Splunk for Industrial Data and the Internet of Things.
uc_iot,tut_iot_oview,Overview - Industrial Data and IoT,4,5,1,tut_iot_oview_p1,Monitoring,3,tut_iot_oview_p1_s3,Step_3,T,T,undefined,T,undefined,undefined,T,undefined,tutorial/iot/overview/tut_iot_oview_p1_s3.html,tutorial/iot/overview/tut_iot_oview_p1_s3a.html,,,none,,undefined,T,T,active,active,active,active,not_active,not_active,hidden,hidden,hidden,,,,,,,tutorial/iot/overview/,This brief tutorial will quickly walk you through the process of understanding the basics of Splunk for Industrial Data and the Internet of Things.
uc_iot,tut_iot_oview,Overview - Industrial Data and IoT,4,5,1,tut_iot_oview_p1,Monitoring,4,tut_iot_oview_p1_s4,Step_4,T,T,undefined,T,undefined,undefined,T,undefined,tutorial/iot/overview/tut_iot_oview_p1_s4.html,tutorial/iot/overview/tut_iot_oview_p1_s4a.html,,,none,,undefined,T,T,active,active,active,active,active,not_active,hidden,hidden,hidden,,,,,,,tutorial/iot/overview/,This brief tutorial will quickly walk you through the process of understanding the basics of Splunk for Industrial Data and the Internet of Things.
uc_iot,tut_iot_oview,Overview - Industrial Data and IoT,4,5,1,tut_iot_oview_p1,Monitoring,5,tut_iot_oview_p1_s5,Step_5,T,T,undefined,T,undefined,undefined,T,undefined,tutorial/iot/overview/tut_iot_oview_p1_s5.html,tutorial/iot/overview/tut_iot_oview_p1_s5a.html,,,none,,T,undefined,T,active,active,active,active,active,active,hidden,hidden,hidden,,,,,,,tutorial/iot/overview/,This brief tutorial will quickly walk you through the process of understanding the basics of Splunk for Industrial Data and the Internet of Things.
uc_iot,tut_iot_oview,Overview - Industrial Data and IoT,4,4,2,tut_iot_oview_p2,Analytics,0,tut_iot_oview_p2_s0,Start,T,T,undefined,T,undefined,undefined,T,undefined,tutorial/iot/overview/tut_iot_oview_p2_s0.html,tutorial/iot/overview/tut_iot_oview_p2_s0a.html,,,none,,undefined,T,T,active,not_active,not_active,not_active,not_active,hidden,hidden,hidden,hidden,,,,,,,tutorial/iot/overview/,This brief tutorial will quickly walk you through the process of understanding the basics of Splunk for Industrial Data and the Internet of Things.
uc_iot,tut_iot_oview,Overview - Industrial Data and IoT,4,4,2,tut_iot_oview_p2,Analytics,1,tut_iot_oview_p2_s1,Step_1,T,T,undefined,T,undefined,undefined,T,undefined,tutorial/iot/overview/tut_iot_oview_p2_s1.html,tutorial/iot/overview/tut_iot_oview_p2_s1a.html,,,none,,undefined,T,T,active,active,not_active,not_active,not_active,hidden,hidden,hidden,hidden,,,,,,,tutorial/iot/overview/,This brief tutorial will quickly walk you through the process of understanding the basics of Splunk for Industrial Data and the Internet of Things.
uc_iot,tut_iot_oview,Overview - Industrial Data and IoT,4,4,2,tut_iot_oview_p2,Analytics,2,tut_iot_oview_p2_s2,Step_2,T,T,undefined,T,undefined,undefined,T,undefined,tutorial/iot/overview/tut_iot_oview_p2_s2.html,tutorial/iot/overview/tut_iot_oview_p2_s2a.html,,,none,,undefined,T,T,active,active,active,not_active,not_active,hidden,hidden,hidden,hidden,,,,,,,tutorial/iot/overview/,This brief tutorial will quickly walk you through the process of understanding the basics of Splunk for Industrial Data and the Internet of Things.
uc_iot,tut_iot_oview,Overview - Industrial Data and IoT,4,4,2,tut_iot_oview_p2,Analytics,3,tut_iot_oview_p2_s3,Step_3,T,T,undefined,T,undefined,undefined,T,undefined,tutorial/iot/overview/tut_iot_oview_p2_s3.html,tutorial/iot/overview/tut_iot_oview_p2_s3a.html,,,none,,undefined,T,T,active,active,active,active,not_active,hidden,hidden,hidden,hidden,,,,,,,tutorial/iot/overview/,This brief tutorial will quickly walk you through the process of understanding the basics of Splunk for Industrial Data and the Internet of Things.
uc_iot,tut_iot_oview,Overview - Industrial Data and IoT,4,4,2,tut_iot_oview_p2,Analytics,4,tut_iot_oview_p2_s4,Step_4,T,T,undefined,T,undefined,undefined,T,undefined,tutorial/iot/overview/tut_iot_oview_p2_s4.html,tutorial/iot/overview/tut_iot_oview_p2_s4a.html,,,none,,T,undefined,T,active,active,active,active,active,hidden,hidden,hidden,hidden,,,,,,,tutorial/iot/overview/,This brief tutorial will quickly walk you through the process of understanding the basics of Splunk for Industrial Data and the Internet of Things.
uc_iot,tut_iot_oview,Overview - Industrial Data and IoT,4,3,3,tut_iot_oview_p3,Security,0,tut_iot_oview_p3_s0,Start,T,T,undefined,T,undefined,undefined,T,undefined,tutorial/iot/overview/tut_iot_oview_p3_s0.html,tutorial/iot/overview/tut_iot_oview_p3_s0a.html,,,none,,undefined,T,T,active,not_active,not_active,not_active,hidden,hidden,hidden,hidden,hidden,,,,,,,tutorial/iot/overview/,This brief tutorial will quickly walk you through the process of understanding the basics of Splunk.
uc_iot,tut_iot_oview,Overview - Industrial Data and IoT,4,3,3,tut_iot_oview_p3,Security,1,tut_iot_oview_p3_s1,Step_1,T,T,undefined,T,undefined,undefined,T,undefined,tutorial/iot/overview/tut_iot_oview_p3_s1.html,tutorial/iot/overview/tut_iot_oview_p3_s1a.html,,,none,,undefined,T,T,active,active,not_active,not_active,hidden,hidden,hidden,hidden,hidden,,,,,,,tutorial/iot/overview/,This brief tutorial will quickly walk you through the process of understanding the basics of Splunk.
uc_iot,tut_iot_oview,Overview - Industrial Data and IoT,4,3,3,tut_iot_oview_p3,Security,2,tut_iot_oview_p3_s2,Step_2,T,T,undefined,T,undefined,undefined,T,undefined,tutorial/iot/overview/tut_iot_oview_p3_s2.html,tutorial/iot/overview/tut_iot_oview_p3_s2a.html,,,none,,undefined,T,T,active,active,active,not_active,hidden,hidden,hidden,hidden,hidden,,,,,,,tutorial/iot/overview/,This brief tutorial will quickly walk you through the process of understanding the basics of Splunk.
uc_iot,tut_iot_oview,Overview - Industrial Data and IoT,4,3,3,tut_iot_oview_p3,Security,3,tut_iot_oview_p3_s3,Step_3,T,T,undefined,T,undefined,undefined,T,undefined,tutorial/iot/overview/tut_iot_oview_p3_s3.html,tutorial/iot/overview/tut_iot_oview_p3_s3a.html,,,none,,T,undefined,T,active,active,active,active,hidden,hidden,hidden,hidden,hidden,,,,,,,tutorial/iot/overview/,This brief tutorial will quickly walk you through the process of understanding the basics of Splunk.
uc_iot,tut_iot_oview,Overview - Industrial Data and IoT,4,0,4,tut_iot_oview_p4,Next Steps,0,tut_iot_oview_p4,,T,undefined,T,undefined,undefined,undefined,undefined,undefined,,,tutorial/iot/overview/tut_iot_oview_finish.html,,none,,undefined,undefined,T,hidden,hidden,hidden,hidden,hidden,hidden,hidden,hidden,hidden,,,,,,,tutorial/iot/overview/,This brief tutorial will quickly walk you through the process of understanding the basics of Splunk.
uc_itoa,tut_itoa_oview,Overview - IT Operations and AppDev,5,0,0,tut_itoa_oview_p0,Overview,0,tut_itoa_oview_p0,Start,T,T,undefined,T,undefined,undefined,undefined,undefined,tutorial/itoa/overview/tut_itoa_oview_start.html,tutorial/itoa/overview/tut_itoa_oview_starta.html,,,none,,undefined,T,undefined,hidden,hidden,hidden,hidden,hidden,hidden,hidden,hidden,hidden,,,https://play.vidyard.com/ZdsE5ocV969hhxv2f8AfJb?v=3.1.1,,,,tutorial/itoa/overview/,This brief tutorial will quickly walk you through the process of understanding the basics of Splunk for Industrial Data and the Internet of Things.
uc_itoa,tut_itoa_oview,Overview - IT Operations and AppDev,5,4,1,tut_itoa_oview_p1,IT Market,0,tut_itoa_oview_p1_s0,Start,T,T,undefined,T,undefined,undefined,T,undefined,tutorial/itoa/overview/tut_itoa_oview_p1_s0.html,tutorial/itoa/overview/tut_itoa_oview_p1_s0a.html,,,none,,undefined,T,T,active,not_active,not_active,not_active,not_active,hidden,hidden,hidden,hidden,,,,,,,tutorial/itoa/overview/,This brief tutorial will quickly walk you through the process of understanding the basics of Splunk for Industrial Data and the Internet of Things.
uc_itoa,tut_itoa_oview,Overview - IT Operations and AppDev,5,4,1,tut_itoa_oview_p1,IT Market,1,tut_itoa_oview_p1_s1,Step_1,T,T,undefined,T,undefined,undefined,T,undefined,tutorial/itoa/overview/tut_itoa_oview_p1_s1.html,tutorial/itoa/overview/tut_itoa_oview_p1_s1a.html,,,none,,undefined,T,T,active,active,not_active,not_active,not_active,hidden,hidden,hidden,hidden,,,,,,,tutorial/itoa/overview/,This brief tutorial will quickly walk you through the process of understanding the basics of Splunk for Industrial Data and the Internet of Things.
uc_itoa,tut_itoa_oview,Overview - IT Operations and AppDev,5,4,1,tut_itoa_oview_p1,IT Market,2,tut_itoa_oview_p1_s2,Step_2,T,T,undefined,T,undefined,undefined,T,undefined,tutorial/itoa/overview/tut_itoa_oview_p1_s2.html,tutorial/itoa/overview/tut_itoa_oview_p1_s2a.html,,,none,,undefined,T,T,active,active,active,not_active,not_active,hidden,hidden,hidden,hidden,,,,,,,tutorial/itoa/overview/,This brief tutorial will quickly walk you through the process of understanding the basics of Splunk for Industrial Data and the Internet of Things.
uc_itoa,tut_itoa_oview,Overview - IT Operations and AppDev,5,4,1,tut_itoa_oview_p1,IT Market,3,tut_itoa_oview_p1_s3,Step_3,T,T,undefined,T,undefined,undefined,T,undefined,tutorial/itoa/overview/tut_itoa_oview_p1_s3.html,tutorial/itoa/overview/tut_itoa_oview_p1_s3a.html,,,none,,undefined,T,T,active,active,active,active,not_active,hidden,hidden,hidden,hidden,,,,,,,tutorial/itoa/overview/,This brief tutorial will quickly walk you through the process of understanding the basics of Splunk for Industrial Data and the Internet of Things.
uc_itoa,tut_itoa_oview,Overview - IT Operations and AppDev,5,4,1,tut_itoa_oview_p1,IT Market,4,tut_itoa_oview_p1_s4,Step_4,T,T,undefined,T,undefined,undefined,T,undefined,tutorial/itoa/overview/tut_itoa_oview_p1_s4.html,tutorial/itoa/overview/tut_itoa_oview_p1_s4a.html,,,none,,T,undefined,T,active,active,active,active,active,hidden,hidden,hidden,hidden,,,,,,,tutorial/itoa/overview/,This brief tutorial will quickly walk you through the process of understanding the basics of Splunk for Industrial Data and the Internet of Things.
uc_itoa,tut_itoa_oview,Overview - IT Operations and AppDev,5,4,2,tut_itoa_oview_p2,Splunk for IT,0,tut_itoa_oview_p2_s0,Start,T,T,undefined,T,undefined,undefined,T,undefined,tutorial/itoa/overview/tut_itoa_oview_p2_s0.html,tutorial/itoa/overview/tut_itoa_oview_p2_s0a.html,,,none,,undefined,T,T,active,not_active,not_active,not_active,not_active,hidden,hidden,hidden,hidden,,,,,,,tutorial/itoa/overview/,This brief tutorial will quickly walk you through the process of understanding the basics of Splunk for Industrial Data and the Internet of Things.
uc_itoa,tut_itoa_oview,Overview - IT Operations and AppDev,5,4,2,tut_itoa_oview_p2,Splunk for IT,1,tut_itoa_oview_p2_s1,Step_1,T,T,undefined,T,undefined,undefined,T,undefined,tutorial/itoa/overview/tut_itoa_oview_p2_s1.html,tutorial/itoa/overview/tut_itoa_oview_p2_s1a.html,,,none,,undefined,T,T,active,active,not_active,not_active,not_active,hidden,hidden,hidden,hidden,,,,,,,tutorial/itoa/overview/,This brief tutorial will quickly walk you through the process of understanding the basics of Splunk for Industrial Data and the Internet of Things.
uc_itoa,tut_itoa_oview,Overview - IT Operations and AppDev,5,4,2,tut_itoa_oview_p2,Splunk for IT,2,tut_itoa_oview_p2_s2,Step_2,T,T,undefined,T,undefined,undefined,T,undefined,tutorial/itoa/overview/tut_itoa_oview_p2_s2.html,tutorial/itoa/overview/tut_itoa_oview_p2_s2a.html,,,none,,undefined,T,T,active,active,active,not_active,not_active,hidden,hidden,hidden,hidden,,,,,,,tutorial/itoa/overview/,This brief tutorial will quickly walk you through the process of understanding the basics of Splunk for Industrial Data and the Internet of Things.
uc_itoa,tut_itoa_oview,Overview - IT Operations and AppDev,5,4,2,tut_itoa_oview_p2,Splunk for IT,3,tut_itoa_oview_p2_s3,Step_3,T,T,undefined,T,undefined,undefined,T,undefined,tutorial/itoa/overview/tut_itoa_oview_p2_s3.html,tutorial/itoa/overview/tut_itoa_oview_p2_s3a.html,,,none,,undefined,T,T,active,active,active,active,not_active,hidden,hidden,hidden,hidden,,,,,,,tutorial/itoa/overview/,This brief tutorial will quickly walk you through the process of understanding the basics of Splunk for Industrial Data and the Internet of Things.
uc_itoa,tut_itoa_oview,Overview - IT Operations and AppDev,5,4,2,tut_itoa_oview_p2,Splunk for IT,4,tut_itoa_oview_p2_s4,Step_4,T,T,undefined,T,undefined,undefined,T,undefined,tutorial/itoa/overview/tut_itoa_oview_p2_s4.html,tutorial/itoa/overview/tut_itoa_oview_p2_s4a.html,,,none,,T,undefined,T,active,active,active,active,active,hidden,hidden,hidden,hidden,,,,,,,tutorial/itoa/overview/,This brief tutorial will quickly walk you through the process of understanding the basics of Splunk for Industrial Data and the Internet of Things.
uc_itoa,tut_itoa_oview,Overview - IT Operations and AppDev,5,5,3,tut_itoa_oview_p3,App Delivery,0,tut_itoa_oview_p3_s0,Start,T,T,undefined,T,undefined,undefined,T,undefined,tutorial/itoa/overview/tut_itoa_oview_p3_s0.html,tutorial/itoa/overview/tut_itoa_oview_p3_s0a.html,,,none,,undefined,T,T,active,not_active,not_active,not_active,not_active,not_active,hidden,hidden,hidden,,,,,,,tutorial/itoa/overview/,This brief tutorial will quickly walk you through the process of understanding the basics of Splunk.
uc_itoa,tut_itoa_oview,Overview - IT Operations and AppDev,5,5,3,tut_itoa_oview_p3,App Delivery,1,tut_itoa_oview_p3_s1,Step_1,T,T,undefined,T,undefined,undefined,T,undefined,tutorial/itoa/overview/tut_itoa_oview_p3_s1.html,tutorial/itoa/overview/tut_itoa_oview_p3_s1a.html,,,none,,undefined,T,T,active,active,not_active,not_active,not_active,not_active,hidden,hidden,hidden,,,,,,,tutorial/itoa/overview/,This brief tutorial will quickly walk you through the process of understanding the basics of Splunk.
uc_itoa,tut_itoa_oview,Overview - IT Operations and AppDev,5,5,3,tut_itoa_oview_p3,App Delivery,2,tut_itoa_oview_p3_s2,Step_2,T,T,undefined,T,undefined,undefined,T,undefined,tutorial/itoa/overview/tut_itoa_oview_p3_s2.html,tutorial/itoa/overview/tut_itoa_oview_p3_s2a.html,,,none,,undefined,T,T,active,active,active,not_active,not_active,not_active,hidden,hidden,hidden,,,,,,,tutorial/itoa/overview/,This brief tutorial will quickly walk you through the process of understanding the basics of Splunk.
uc_itoa,tut_itoa_oview,Overview - IT Operations and AppDev,5,5,3,tut_itoa_oview_p3,App Delivery,3,tut_itoa_oview_p3_s3,Step_3,T,T,undefined,T,undefined,undefined,T,undefined,tutorial/itoa/overview/tut_itoa_oview_p3_s3.html,tutorial/itoa/overview/tut_itoa_oview_p3_s3a.html,,,none,,undefined,T,T,active,active,active,active,not_active,not_active,hidden,hidden,hidden,,,,,,,tutorial/itoa/overview/,This brief tutorial will quickly walk you through the process of understanding the basics of Splunk.
uc_itoa,tut_itoa_oview,Overview - IT Operations and AppDev,5,5,3,tut_itoa_oview_p3,App Delivery,4,tut_itoa_oview_p3_s4,Step_4,T,T,undefined,T,undefined,undefined,T,undefined,tutorial/itoa/overview/tut_itoa_oview_p3_s4.html,tutorial/itoa/overview/tut_itoa_oview_p3_s4a.html,,,none,,undefined,T,T,active,active,active,active,active,not_active,hidden,hidden,hidden,,,,,,,tutorial/itoa/overview/,This brief tutorial will quickly walk you through the process of understanding the basics of Splunk.
uc_itoa,tut_itoa_oview,Overview - IT Operations and AppDev,5,5,3,tut_itoa_oview_p3,App Delivery,5,tut_itoa_oview_p3_s5,Step_5,T,T,undefined,T,undefined,undefined,T,undefined,tutorial/itoa/overview/tut_itoa_oview_p3_s5.html,tutorial/itoa/overview/tut_itoa_oview_p3_s5a.html,,,none,,T,undefined,T,active,active,active,active,active,active,hidden,hidden,hidden,,,,,,,tutorial/itoa/overview/,This brief tutorial will quickly walk you through the process of understanding the basics of Splunk.
uc_itoa,tut_itoa_oview,Overview - IT Operations and AppDev,5,5,4,tut_itoa_oview_p4,Service Intelligence,0,tut_itoa_oview_p4_s0,Start,T,T,undefined,T,undefined,undefined,T,undefined,tutorial/itoa/overview/tut_itoa_oview_p4_s0.html,tutorial/itoa/overview/tut_itoa_oview_p4_s0a.html,,,none,,undefined,T,T,active,not_active,not_active,not_active,not_active,not_active,hidden,hidden,hidden,,,,,,,tutorial/itoa/overview/,This brief tutorial will quickly walk you through the process of understanding the basics of Splunk.
uc_itoa,tut_itoa_oview,Overview - IT Operations and AppDev,5,5,4,tut_itoa_oview_p4,Service Intelligence,1,tut_itoa_oview_p4_s1,Step_1,T,T,undefined,T,undefined,undefined,T,undefined,tutorial/itoa/overview/tut_itoa_oview_p4_s1.html,tutorial/itoa/overview/tut_itoa_oview_p4_s1a.html,,,none,,undefined,T,T,active,active,not_active,not_active,not_active,not_active,hidden,hidden,hidden,,,,,,,tutorial/itoa/overview/,This brief tutorial will quickly walk you through the process of understanding the basics of Splunk.
uc_itoa,tut_itoa_oview,Overview - IT Operations and AppDev,5,5,4,tut_itoa_oview_p4,Service Intelligence,2,tut_itoa_oview_p4_s2,Step_2,T,T,undefined,T,undefined,undefined,T,undefined,tutorial/itoa/overview/tut_itoa_oview_p4_s2.html,tutorial/itoa/overview/tut_itoa_oview_p4_s2a.html,,,none,,undefined,T,T,active,active,active,not_active,not_active,not_active,hidden,hidden,hidden,,,,,,,tutorial/itoa/overview/,This brief tutorial will quickly walk you through the process of understanding the basics of Splunk.
uc_itoa,tut_itoa_oview,Overview - IT Operations and AppDev,5,5,4,tut_itoa_oview_p4,Service Intelligence,3,tut_itoa_oview_p4_s3,Step_3,T,T,undefined,T,undefined,undefined,T,undefined,tutorial/itoa/overview/tut_itoa_oview_p4_s3.html,tutorial/itoa/overview/tut_itoa_oview_p4_s3a.html,,,none,,undefined,T,T,active,active,active,active,not_active,not_active,hidden,hidden,hidden,,,,,,,tutorial/itoa/overview/,This brief tutorial will quickly walk you through the process of understanding the basics of Splunk.
uc_itoa,tut_itoa_oview,Overview - IT Operations and AppDev,5,5,4,tut_itoa_oview_p4,Service Intelligence,4,tut_itoa_oview_p4_s4,Step_4,T,T,undefined,T,undefined,undefined,T,undefined,tutorial/itoa/overview/tut_itoa_oview_p4_s4.html,tutorial/itoa/overview/tut_itoa_oview_p4_s4a.html,,,none,,undefined,T,T,active,active,active,active,active,not_active,hidden,hidden,hidden,,,,,,,tutorial/itoa/overview/,This brief tutorial will quickly walk you through the process of understanding the basics of Splunk.
uc_itoa,tut_itoa_oview,Overview - IT Operations and AppDev,5,5,4,tut_itoa_oview_p4,Service Intelligence,5,tut_itoa_oview_p4_s5,Step_5,T,T,undefined,T,undefined,undefined,T,undefined,tutorial/itoa/overview/tut_itoa_oview_p4_s5.html,tutorial/itoa/overview/tut_itoa_oview_p4_s5a.html,,,none,,T,undefined,T,active,active,active,active,active,active,hidden,hidden,hidden,,,,,,,tutorial/itoa/overview/,This brief tutorial will quickly walk you through the process of understanding the basics of Splunk.
uc_itoa,tut_itoa_oview,Overview - IT Operations and AppDev,5,0,5,tut_itoa_oview_p5,Next Steps,0,tut_itoa_oview_p5,,T,undefined,T,undefined,undefined,undefined,undefined,undefined,,,tutorial/itoa/overview/tut_itoa_oview_finish.html,,none,,undefined,undefined,T,hidden,hidden,hidden,hidden,hidden,hidden,hidden,hidden,hidden,,,,,,,tutorial/itoa/overview/,This brief tutorial will quickly walk you through the process of understanding the basics of Splunk.
uc_sec,tut_sec_g_start,Walkthrough - Security - Getting Started,4,0,0,tut_sec_g_start_p0,Overview,0,tut_sec_g_start_p0,,T,undefined,T,undefined,undefined,undefined,undefined,undefined,,,tutorial/security/getting_started/tut_sec_g_start_overview.html,,none,,undefined,T,undefined,hidden,hidden,hidden,hidden,hidden,hidden,hidden,hidden,hidden,,,https://play.vidyard.com/tvSx692mGEcWThuE9nKFa7?v=3.1.1,search?q=&display.page.search.mode=verbose&earliest=-24h&latest=now&hideChrome=True&hideEdit=True,,,tutorial/security/getting_started/,"During this section we will walk through the basic Splunk Search UI components used for Searching and Reporting, and available in any Splunk UI Application."
uc_sec,tut_sec_g_start,Walkthrough - Security - Getting Started,4,4,1,tut_sec_g_start_p1,Part 1 - Detection,0,tut_sec_g_start_p1_s0_start,Start,T,T,undefined,T,T,undefined,T,undefined,tutorial/security/getting_started/tut_sec_g_start_p1_s0.html,tutorial/security/getting_started/tut_sec_g_start_p1_s0a.html,,,none,,undefined,T,T,active,not_active,not_active,not_active,not_active,hidden,hidden,hidden,hidden,,,,,,,tutorial/security/getting_started/,"During this section we will walk through the basic Splunk Search UI components used for Searching and Reporting, and available in any Splunk UI Application."
uc_sec,tut_sec_g_start,Walkthrough - Security - Getting Started,4,4,1,tut_sec_g_start_p1,Part 1 - Detection,1,tut_sec_g_start_p1_s1,Step_1,T,T,undefined,undefined,undefined,T,T,undefined,tutorial/security/getting_started/tut_sec_g_start_p1_s1.html,,,,none,srch_object,undefined,T,T,active,active,not_active,not_active,not_active,hidden,hidden,hidden,hidden,,,,,,,tutorial/security/getting_started/,"During this section we will walk through the basic Splunk Search UI components used for Searching and Reporting, and available in any Splunk UI Application."
uc_sec,tut_sec_g_start,Walkthrough - Security - Getting Started,4,4,1,tut_sec_g_start_p1,Part 1 - Detection,2,tut_sec_g_start_p1_s2,Step_2,T,T,undefined,undefined,undefined,T,T,undefined,tutorial/security/getting_started/tut_sec_g_start_p1_s2.html,,,,none,srch_object,undefined,T,T,active,active,active,not_active,not_active,hidden,hidden,hidden,hidden,,,,,,,tutorial/security/getting_started/,"During this section we will walk through the basic Splunk Search UI components used for Searching and Reporting, and available in any Splunk UI Application."
uc_sec,tut_sec_g_start,Walkthrough - Security - Getting Started,4,4,1,tut_sec_g_start_p1,Part 1 - Detection,3,tut_sec_g_start_p1_s3,Step_3,T,T,undefined,undefined,undefined,T,T,undefined,tutorial/security/getting_started/tut_sec_g_start_p1_s3.html,,,,none,srch_object,undefined,T,T,active,active,active,active,not_active,hidden,hidden,hidden,hidden,,,,,,,tutorial/security/getting_started/,"During this section we will walk through the basic Splunk Search UI components used for Searching and Reporting, and available in any Splunk UI Application."
uc_sec,tut_sec_g_start,Walkthrough - Security - Getting Started,4,4,1,tut_sec_g_start_p1,Part 1 - Detection,4,tut_sec_g_start_p1_finish,Step 4,T,T,undefined,T,undefined,undefined,T,undefined,tutorial/security/getting_started/tut_sec_g_start_p1_s4.html,tutorial/security/getting_started/tut_sec_g_start_p1_s4a.html,,,none,,T,undefined,T,active,active,active,active,active,hidden,hidden,hidden,hidden,,,,,,,tutorial/security/getting_started/,"During this section we will walk through the basic Splunk Search UI components used for Searching and Reporting, and available in any Splunk UI Application."
uc_sec,tut_sec_g_start,Walkthrough - Security - Getting Started,4,3,2,tut_sec_g_start_p2,Part 2 - Validation,0,tut_sec_g_start_p2_s0_start,Start,T,T,undefined,T,T,undefined,T,undefined,tutorial/security/getting_started/tut_sec_g_start_p2_s0.html,tutorial/security/getting_started/tut_sec_g_start_p2_s0a.html,,,none,,undefined,T,T,active,not_active,not_active,not_active,hidden,hidden,hidden,hidden,hidden,,,,,,,tutorial/security/getting_started/,"During this section we will walk through the basic Splunk Search UI components used for Searching and Reporting, and available in any Splunk UI Application."
uc_sec,tut_sec_g_start,Walkthrough - Security - Getting Started,4,3,2,tut_sec_g_start_p2,Part 2 - Validation,1,tut_sec_g_start_p1_s1,Step_1,T,T,undefined,undefined,undefined,T,T,undefined,tutorial/security/getting_started/tut_sec_g_start_p2_s1.html,,,,none,srch_object,undefined,T,T,active,active,not_active,not_active,hidden,hidden,hidden,hidden,hidden,,,,,,,tutorial/security/getting_started/,"During this section we will walk through the basic Splunk Search UI components used for Searching and Reporting, and available in any Splunk UI Application."
uc_sec,tut_sec_g_start,Walkthrough - Security - Getting Started,4,3,2,tut_sec_g_start_p2,Part 2 - Validation,2,tut_sec_g_start_p2_s2,Step_2,T,T,undefined,undefined,undefined,T,T,undefined,tutorial/security/getting_started/tut_sec_g_start_p2_s2.html,,,,none,srch_object,undefined,T,T,active,active,active,not_active,hidden,hidden,hidden,hidden,hidden,,,,,,,tutorial/security/getting_started/,"During this section we will walk through the basic Splunk Search UI components used for Searching and Reporting, and available in any Splunk UI Application."
uc_sec,tut_sec_g_start,Walkthrough - Security - Getting Started,4,3,2,tut_sec_g_start_p2,Part 2 - Validation,3,tut_sec_g_start_p2_finish,Step 3,T,T,undefined,T,undefined,undefined,T,undefined,tutorial/security/getting_started/tut_sec_g_start_p2_s3.html,tutorial/security/getting_started/tut_sec_g_start_p2_s3a.html,,,none,,T,undefined,T,active,active,active,active,hidden,hidden,hidden,hidden,hidden,,,,,,,tutorial/security/getting_started/,"During this section we will walk through the basic Splunk Search UI components used for Searching and Reporting, and available in any Splunk UI Application."
uc_sec,tut_sec_g_start,Walkthrough - Security - Getting Started,4,4,3,tut_sec_g_start_p3,Part 3 - Scoping,0,tut_sec_g_start_p3_s0_start,Start,T,T,undefined,T,T,undefined,T,undefined,tutorial/security/getting_started/tut_sec_g_start_p3_s0.html,tutorial/security/getting_started/tut_sec_g_start_p3_s0a.html,,,none,,undefined,T,T,active,not_active,not_active,not_active,not_active,hidden,hidden,hidden,hidden,,,,,,,tutorial/security/getting_started/,"During this section we will walk through the basic Splunk Search UI components used for Searching and Reporting, and available in any Splunk UI Application."
uc_sec,tut_sec_g_start,Walkthrough - Security - Getting Started,4,4,3,tut_sec_g_start_p3,Part 3 - Scoping,1,tut_sec_g_start_p3_s1,Step_1,T,T,undefined,undefined,undefined,T,T,undefined,tutorial/security/getting_started/tut_sec_g_start_p3_s1.html,,,,none,srch_object,undefined,T,T,active,active,not_active,not_active,not_active,hidden,hidden,hidden,hidden,,,,,,,tutorial/security/getting_started/,"During this section we will walk through the basic Splunk Search UI components used for Searching and Reporting, and available in any Splunk UI Application."
uc_sec,tut_sec_g_start,Walkthrough - Security - Getting Started,4,4,3,tut_sec_g_start_p3,Part 3 - Scoping,2,tut_sec_g_start_p3_s2,Step_2,T,T,undefined,undefined,undefined,T,T,undefined,tutorial/security/getting_started/tut_sec_g_start_p3_s2.html,,,,none,srch_object,undefined,T,T,active,active,active,not_active,not_active,hidden,hidden,hidden,hidden,,,,,,,tutorial/security/getting_started/,"During this section we will walk through the basic Splunk Search UI components used for Searching and Reporting, and available in any Splunk UI Application."
uc_sec,tut_sec_g_start,Walkthrough - Security - Getting Started,4,4,3,tut_sec_g_start_p3,Part 3 - Scoping,3,tut_sec_g_start_p3_s3,Step_3,T,T,undefined,undefined,undefined,T,T,undefined,tutorial/security/getting_started/tut_sec_g_start_p3_s3.html,,,,none,srch_object,undefined,T,T,active,active,active,active,not_active,hidden,hidden,hidden,hidden,,,,,,,tutorial/security/getting_started/,"During this section we will walk through the basic Splunk Search UI components used for Searching and Reporting, and available in any Splunk UI Application."
uc_sec,tut_sec_g_start,Walkthrough - Security - Getting Started,4,4,3,tut_sec_g_start_p3,Part 3 - Scoping,4,tut_sec_g_start_p3_finish,Step 4,T,T,undefined,T,undefined,undefined,T,undefined,tutorial/security/getting_started/tut_sec_g_start_p3_s4.html,tutorial/security/getting_started/tut_sec_g_start_p3_s4a.html,,,none,,T,undefined,T,active,active,active,active,active,hidden,hidden,hidden,hidden,,,,,,,tutorial/security/getting_started/,"During this section we will walk through the basic Splunk Search UI components used for Searching and Reporting, and available in any Splunk UI Application."
uc_sec,tut_sec_g_start,Walkthrough - Security - Getting Started,4,0,4,tut_sec_g_start_p4,Review,0,tut_sec_g_start_p4,,T,undefined,T,undefined,undefined,undefined,undefined,undefined,,,tutorial/security/getting_started/tut_sec_g_start_finish.html,,none,,undefined,undefined,T,hidden,hidden,hidden,hidden,hidden,hidden,hidden,hidden,hidden,,,,,,,tutorial/security/getting_started/,"During this section we will walk through the basic Splunk Search UI components used for Searching and Reporting, and available in any Splunk UI Application."
uc_sec,tut_sec_oview,Overview - Security,5,0,0,tut_sec_oview_p0,Overview,0,tut_sec_oview_p0,Start,T,T,undefined,T,undefined,undefined,undefined,undefined,tutorial/security/overview/tut_sec_oview_start.html,tutorial/security/overview/tut_sec_oview_starta.html,,,none,,undefined,T,undefined,hidden,hidden,hidden,hidden,hidden,hidden,hidden,hidden,hidden,,,https://play.vidyard.com/MaymCiqXKboRirKqJQ54hT?v=4.2.14,,,,tutorial/security/overview/,This brief tutorial will quickly walk you through the process of understanding the basics of Splunk for Industrial Data and the Internet of Things.
uc_sec,tut_sec_oview,Overview - Security,5,5,1,tut_sec_oview_p1,Risk Mitigation,0,tut_sec_oview_p1_s0,Start,T,T,undefined,T,undefined,undefined,T,undefined,tutorial/security/overview/tut_sec_oview_p1_s0.html,tutorial/security/overview/tut_sec_oview_p1_s0a.html,,,none,,undefined,T,T,active,not_active,not_active,not_active,not_active,not_active,hidden,hidden,hidden,,,,,,,tutorial/security/overview/,This brief tutorial will quickly walk you through the process of understanding the basics of Splunk for Industrial Data and the Internet of Things.
uc_sec,tut_sec_oview,Overview - Security,5,5,1,tut_sec_oview_p1,Risk Mitigation,1,tut_sec_oview_p1_s1,Step_1,T,T,undefined,T,undefined,undefined,T,undefined,tutorial/security/overview/tut_sec_oview_p1_s1.html,tutorial/security/overview/tut_sec_oview_p1_s1a.html,,,none,,undefined,T,T,active,active,not_active,not_active,not_active,not_active,hidden,hidden,hidden,,,,,,,tutorial/security/overview/,This brief tutorial will quickly walk you through the process of understanding the basics of Splunk for Industrial Data and the Internet of Things.
uc_sec,tut_sec_oview,Overview - Security,5,5,1,tut_sec_oview_p1,Risk Mitigation,2,tut_sec_oview_p1_s2,Step_2,T,T,undefined,T,undefined,undefined,T,undefined,tutorial/security/overview/tut_sec_oview_p1_s2.html,tutorial/security/overview/tut_sec_oview_p1_s2a.html,,,none,,undefined,T,T,active,active,active,not_active,not_active,not_active,hidden,hidden,hidden,,,,,,,tutorial/security/overview/,This brief tutorial will quickly walk you through the process of understanding the basics of Splunk for Industrial Data and the Internet of Things.
uc_sec,tut_sec_oview,Overview - Security,5,5,1,tut_sec_oview_p1,Risk Mitigation,3,tut_sec_oview_p1_s3,Step_3,T,T,undefined,T,undefined,undefined,T,undefined,tutorial/security/overview/tut_sec_oview_p1_s3.html,tutorial/security/overview/tut_sec_oview_p1_s3a.html,,,none,,undefined,T,T,active,active,active,active,not_active,not_active,hidden,hidden,hidden,,,,,,,tutorial/security/overview/,This brief tutorial will quickly walk you through the process of understanding the basics of Splunk for Industrial Data and the Internet of Things.
uc_sec,tut_sec_oview,Overview - Security,5,5,1,tut_sec_oview_p1,Risk Mitigation,4,tut_sec_oview_p1_s4,Step_4,T,T,undefined,T,undefined,undefined,T,undefined,tutorial/security/overview/tut_sec_oview_p1_s4.html,tutorial/security/overview/tut_sec_oview_p1_s4a.html,,,none,,undefined,T,T,active,active,active,active,active,not_active,hidden,hidden,hidden,,,,,,,tutorial/security/overview/,This brief tutorial will quickly walk you through the process of understanding the basics of Splunk for Industrial Data and the Internet of Things.
uc_sec,tut_sec_oview,Overview - Security,5,5,1,tut_sec_oview_p1,Risk Mitigation,5,tut_sec_oview_p1_s5,Step_5,T,T,undefined,T,undefined,undefined,T,undefined,tutorial/security/overview/tut_sec_oview_p1_s5.html,tutorial/security/overview/tut_sec_oview_p1_s5a.html,,,none,,T,undefined,T,active,active,active,active,active,active,hidden,hidden,hidden,,,,,,,tutorial/security/overview/,This brief tutorial will quickly walk you through the process of understanding the basics of Splunk for Industrial Data and the Internet of Things.
uc_sec,tut_sec_oview,Overview - Security,5,5,2,tut_sec_oview_p2,Analysis,0,tut_sec_oview_p2_s0,Start,T,T,undefined,T,undefined,undefined,T,undefined,tutorial/security/overview/tut_sec_oview_p2_s0.html,tutorial/security/overview/tut_sec_oview_p2_s0a.html,,,none,,undefined,T,T,active,not_active,not_active,not_active,not_active,not_active,hidden,hidden,hidden,,,,,,,tutorial/security/overview/,This brief tutorial will quickly walk you through the process of understanding the basics of Splunk for Industrial Data and the Internet of Things.
uc_sec,tut_sec_oview,Overview - Security,5,5,2,tut_sec_oview_p2,Analysis,1,tut_sec_oview_p2_s1,Step_1,T,T,undefined,T,undefined,undefined,T,undefined,tutorial/security/overview/tut_sec_oview_p2_s1.html,tutorial/security/overview/tut_sec_oview_p2_s1a.html,,,none,,undefined,T,T,active,active,not_active,not_active,not_active,not_active,hidden,hidden,hidden,,,,,,,tutorial/security/overview/,This brief tutorial will quickly walk you through the process of understanding the basics of Splunk for Industrial Data and the Internet of Things.
uc_sec,tut_sec_oview,Overview - Security,5,5,2,tut_sec_oview_p2,Analysis,2,tut_sec_oview_p2_s2,Step_2,T,T,undefined,T,undefined,undefined,T,undefined,tutorial/security/overview/tut_sec_oview_p2_s2.html,tutorial/security/overview/tut_sec_oview_p2_s2a.html,,,none,,undefined,T,T,active,active,active,not_active,not_active,not_active,hidden,hidden,hidden,,,,,,,tutorial/security/overview/,This brief tutorial will quickly walk you through the process of understanding the basics of Splunk for Industrial Data and the Internet of Things.
uc_sec,tut_sec_oview,Overview - Security,5,5,2,tut_sec_oview_p2,Analysis,3,tut_sec_oview_p2_s3,Step_3,T,T,undefined,T,undefined,undefined,T,undefined,tutorial/security/overview/tut_sec_oview_p2_s3.html,tutorial/security/overview/tut_sec_oview_p2_s3a.html,,,none,,undefined,T,T,active,active,active,active,not_active,not_active,hidden,hidden,hidden,,,,,,,tutorial/security/overview/,This brief tutorial will quickly walk you through the process of understanding the basics of Splunk for Industrial Data and the Internet of Things.
uc_sec,tut_sec_oview,Overview - Security,5,5,2,tut_sec_oview_p2,Analysis,4,tut_sec_oview_p2_s4,Step_4,T,T,undefined,T,undefined,undefined,T,undefined,tutorial/security/overview/tut_sec_oview_p2_s4.html,tutorial/security/overview/tut_sec_oview_p2_s4a.html,,,none,,undefined,T,T,active,active,active,active,active,not_active,hidden,hidden,hidden,,,,,,,tutorial/security/overview/,This brief tutorial will quickly walk you through the process of understanding the basics of Splunk for Industrial Data and the Internet of Things.
uc_sec,tut_sec_oview,Overview - Security,5,5,2,tut_sec_oview_p2,Analysis,5,tut_sec_oview_p2_s5,Step_5,T,T,undefined,T,undefined,undefined,T,undefined,tutorial/security/overview/tut_sec_oview_p2_s5.html,tutorial/security/overview/tut_sec_oview_p2_s5a.html,,,none,,T,undefined,T,active,active,active,active,active,active,hidden,hidden,hidden,,,,,,,tutorial/security/overview/,This brief tutorial will quickly walk you through the process of understanding the basics of Splunk for Industrial Data and the Internet of Things.
uc_sec,tut_sec_oview,Overview - Security,5,3,3,tut_sec_oview_p3,Compliance,0,tut_sec_oview_p3_s0,Start,T,T,undefined,T,undefined,undefined,T,undefined,tutorial/security/overview/tut_sec_oview_p3_s0.html,tutorial/security/overview/tut_sec_oview_p3_s0a.html,,,none,,undefined,T,T,active,not_active,not_active,not_active,hidden,hidden,hidden,hidden,hidden,,,,,,,tutorial/security/overview/,This brief tutorial will quickly walk you through the process of understanding the basics of Splunk.
uc_sec,tut_sec_oview,Overview - Security,5,3,3,tut_sec_oview_p3,Compliance,1,tut_sec_oview_p3_s1,Step_1,T,T,undefined,T,undefined,undefined,T,undefined,tutorial/security/overview/tut_sec_oview_p3_s1.html,tutorial/security/overview/tut_sec_oview_p3_s1a.html,,,none,,undefined,T,T,active,active,not_active,not_active,hidden,hidden,hidden,hidden,hidden,,,,,,,tutorial/security/overview/,This brief tutorial will quickly walk you through the process of understanding the basics of Splunk.
uc_sec,tut_sec_oview,Overview - Security,5,3,3,tut_sec_oview_p3,Compliance,2,tut_sec_oview_p3_s2,Step_2,T,T,undefined,T,undefined,undefined,T,undefined,tutorial/security/overview/tut_sec_oview_p3_s2.html,tutorial/security/overview/tut_sec_oview_p3_s2a.html,,,none,,undefined,T,T,active,active,active,not_active,hidden,hidden,hidden,hidden,hidden,,,,,,,tutorial/security/overview/,This brief tutorial will quickly walk you through the process of understanding the basics of Splunk.
uc_sec,tut_sec_oview,Overview - Security,5,3,3,tut_sec_oview_p3,Compliance,3,tut_sec_oview_p3_s3,Step_3,T,T,undefined,T,undefined,undefined,T,undefined,tutorial/security/overview/tut_sec_oview_p3_s3.html,tutorial/security/overview/tut_sec_oview_p3_s3a.html,,,none,,T,undefined,T,active,active,active,active,hidden,hidden,hidden,hidden,hidden,,,,,,,tutorial/security/overview/,This brief tutorial will quickly walk you through the process of understanding the basics of Splunk.
uc_sec,tut_sec_oview,Overview - Security,5,6,4,tut_sec_oview_p4,Journey,0,tut_sec_oview_p4_s0,Start,T,T,undefined,T,undefined,undefined,T,undefined,tutorial/security/overview/tut_sec_oview_p4_s0.html,tutorial/security/overview/tut_sec_oview_p4_s0a.html,,,none,,undefined,T,T,active,not_active,not_active,not_active,not_active,not_active,not_active,hidden,hidden,,,,,,,tutorial/security/overview/,This brief tutorial will quickly walk you through the process of understanding the basics of Splunk.
uc_sec,tut_sec_oview,Overview - Security,5,6,4,tut_sec_oview_p4,Journey,1,tut_sec_oview_p4_s1,Step_1,T,T,undefined,T,undefined,undefined,T,undefined,tutorial/security/overview/tut_sec_oview_p4_s1.html,tutorial/security/overview/tut_sec_oview_p4_s1a.html,,,none,,undefined,T,T,active,active,not_active,not_active,not_active,not_active,not_active,hidden,hidden,,,,,,,tutorial/security/overview/,This brief tutorial will quickly walk you through the process of understanding the basics of Splunk.
uc_sec,tut_sec_oview,Overview - Security,5,6,4,tut_sec_oview_p4,Journey,2,tut_sec_oview_p4_s2,Step_2,T,T,undefined,T,undefined,undefined,T,undefined,tutorial/security/overview/tut_sec_oview_p4_s2.html,tutorial/security/overview/tut_sec_oview_p4_s2a.html,,,none,,undefined,T,T,active,active,active,not_active,not_active,not_active,not_active,hidden,hidden,,,,,,,tutorial/security/overview/,This brief tutorial will quickly walk you through the process of understanding the basics of Splunk.
uc_sec,tut_sec_oview,Overview - Security,5,6,4,tut_sec_oview_p4,Journey,3,tut_sec_oview_p4_s3,Step_3,T,T,undefined,T,undefined,undefined,T,undefined,tutorial/security/overview/tut_sec_oview_p4_s3.html,tutorial/security/overview/tut_sec_oview_p4_s3a.html,,,none,,undefined,T,T,active,active,active,active,not_active,not_active,not_active,hidden,hidden,,,,,,,tutorial/security/overview/,This brief tutorial will quickly walk you through the process of understanding the basics of Splunk.
uc_sec,tut_sec_oview,Overview - Security,5,6,4,tut_sec_oview_p4,Journey,4,tut_sec_oview_p4_s4,Step_4,T,T,undefined,T,undefined,undefined,T,undefined,tutorial/security/overview/tut_sec_oview_p4_s4.html,tutorial/security/overview/tut_sec_oview_p4_s4a.html,,,none,,undefined,T,T,active,active,active,active,active,not_active,not_active,hidden,hidden,,,,,,,tutorial/security/overview/,This brief tutorial will quickly walk you through the process of understanding the basics of Splunk.
uc_sec,tut_sec_oview,Overview - Security,5,6,4,tut_sec_oview_p4,Journey,5,tut_sec_oview_p4_s5,Step_5,T,T,undefined,T,undefined,undefined,T,undefined,tutorial/security/overview/tut_sec_oview_p4_s5.html,tutorial/security/overview/tut_sec_oview_p4_s5a.html,,,none,,undefined,T,T,active,active,active,active,active,active,not_active,hidden,hidden,,,,,,,tutorial/security/overview/,This brief tutorial will quickly walk you through the process of understanding the basics of Splunk.
uc_sec,tut_sec_oview,Overview - Security,5,6,4,tut_sec_oview_p4,Journey,6,tut_sec_oview_p4_s6,Step_6,T,T,undefined,T,undefined,undefined,T,undefined,tutorial/security/overview/tut_sec_oview_p4_s6.html,tutorial/security/overview/tut_sec_oview_p4_s6a.html,,,none,,T,undefined,T,active,active,active,active,active,active,active,hidden,hidden,,,,,,,tutorial/security/overview/,This brief tutorial will quickly walk you through the process of understanding the basics of Splunk.
uc_sec,tut_sec_oview,Overview - Security,5,0,5,tut_sec_oview_p5,Next Steps,0,tut_sec_oview_p5,,T,undefined,T,undefined,undefined,undefined,undefined,undefined,,,tutorial/security/overview/tut_sec_oview_finish.html,,none,,undefined,undefined,T,hidden,hidden,hidden,hidden,hidden,hidden,hidden,hidden,hidden,,,,,,,tutorial/security/overview/,This brief tutorial will quickly walk you through the process of understanding the basics of Splunk.
uc_ba,wt_ba_timesh,Walkthrough - Business - TimeShare Example,4,0,0,wt_ba_timesh_p0,Overview,0,wt_ba_timesh_p0,,T,T,undefined,undefined,undefined,T,undefined,undefined,tutorial/ba/timeshare/wt_ba_timesh_overview.html,,,,none,view_object,undefined,T,undefined,hidden,hidden,hidden,hidden,hidden,hidden,hidden,hidden,hidden,view_object,vj_template_wt_ba_timeshare_final?hideChrome=True&hideEdit=True,,search?&display.page.search.mode=verbose&earliest=-24h%40h&latest=now&hideChrome=True&hideEdit=True,dashboards?hideSplunkBar=True,reports?hideSplunkBar=True,tutorial/ba/timeshare/,This brief tutorial will quickly walk you through the process of understanding the basics of Splunk for Industrial Data and the Internet of Things.
uc_ba,wt_ba_timesh,Walkthrough - Business - TimeShare Example,4,5,1,wt_ba_timesh_p1,Part 1 - Analyze,0,wt_ba_timesh_p1_s0,Start,T,T,undefined,T,T,undefined,T,undefined,tutorial/ba/timeshare/wt_ba_timesh_p1_s0.html,tutorial/ba/timeshare/wt_ba_timesh_p1_s0a.html,,,none,,undefined,T,undefined,active,not_active,not_active,not_active,not_active,not_active,hidden,hidden,hidden,,,,,,,tutorial/ba/timeshare/,"During this section we will walk through the basic Splunk Search UI components used for Searching and Reporting, and available in any Splunk UI Application."
uc_ba,wt_ba_timesh,Walkthrough - Business - TimeShare Example,4,5,1,wt_ba_timesh_p1,Part 1 - Analyze,1,wt_ba_timesh_p1_s1,Step_1,T,T,undefined,undefined,undefined,T,T,undefined,tutorial/ba/timeshare/wt_ba_timesh_p1_s1.html,,,,none,srch_object,undefined,T,T,active,active,not_active,not_active,not_active,not_active,hidden,hidden,hidden,,,,,,,tutorial/ba/timeshare/,"During this section we will walk through the basic Splunk Search UI components used for Searching and Reporting, and available in any Splunk UI Application."
uc_ba,wt_ba_timesh,Walkthrough - Business - TimeShare Example,4,5,1,wt_ba_timesh_p1,Part 1 - Analyze,2,wt_ba_timesh_p1_s2,Step_2,T,T,undefined,undefined,undefined,T,T,undefined,tutorial/ba/timeshare/wt_ba_timesh_p1_s2.html,,,,none,srch_object,undefined,T,T,active,active,active,not_active,not_active,not_active,hidden,hidden,hidden,,,,,,,tutorial/ba/timeshare/,"During this section we will walk through the basic Splunk Search UI components used for Searching and Reporting, and available in any Splunk UI Application."
uc_ba,wt_ba_timesh,Walkthrough - Business - TimeShare Example,4,5,1,wt_ba_timesh_p1,Part 1 - Analyze,3,wt_ba_timesh_p1_s3,Step_3,T,T,undefined,undefined,undefined,T,T,undefined,tutorial/ba/timeshare/wt_ba_timesh_p1_s3.html,,,,none,srch_object,undefined,T,T,active,active,active,active,not_active,not_active,hidden,hidden,hidden,,,,,,,tutorial/ba/timeshare/,"During this section we will walk through the basic Splunk Search UI components used for Searching and Reporting, and available in any Splunk UI Application."
uc_ba,wt_ba_timesh,Walkthrough - Business - TimeShare Example,4,5,1,wt_ba_timesh_p1,Part 1 - Analyze,4,wt_ba_timesh_p1_s4,Step_4,T,T,undefined,undefined,undefined,T,T,undefined,tutorial/ba/timeshare/wt_ba_timesh_p1_s4.html,,,,none,srch_object,undefined,T,T,active,active,active,active,active,not_active,hidden,hidden,hidden,,,,,,,tutorial/ba/timeshare/,"During this section we will walk through the basic Splunk Search UI components used for Searching and Reporting, and available in any Splunk UI Application."
uc_ba,wt_ba_timesh,Walkthrough - Business - TimeShare Example,4,5,1,wt_ba_timesh_p1,Part 1 - Analyze,5,wt_ba_timesh_p1_s5,review,T,T,undefined,T,undefined,undefined,T,undefined,tutorial/ba/timeshare/wt_ba_timesh_p1_s5.html,tutorial/ba/timeshare/wt_ba_timesh_p1_s5a.html,,,none,,T,undefined,T,active,active,active,active,active,active,hidden,hidden,hidden,,,,,,,tutorial/ba/timeshare/,"During this section we will walk through the basic Splunk Search UI components used for Searching and Reporting, and available in any Splunk UI Application."
uc_ba,wt_ba_timesh,Walkthrough - Business - TimeShare Example,4,4,2,wt_ba_timesh_p2,Part 2 - Build,0,wt_ba_timesh_p2_s0,Start,T,T,undefined,T,undefined,undefined,T,undefined,tutorial/ba/timeshare/wt_ba_timesh_p2_s0.html,tutorial/ba/timeshare/wt_ba_timesh_p2_s0a.html,,,none,,undefined,T,undefined,active,not_active,not_active,not_active,not_active,hidden,hidden,hidden,hidden,,,,,,,tutorial/ba/timeshare/,"During this section we will walk through the basic Splunk Search UI components used for Searching and Reporting, and available in any Splunk UI Application."
uc_ba,wt_ba_timesh,Walkthrough - Business - TimeShare Example,4,4,2,wt_ba_timesh_p2,Part 2 - Build,1,wt_ba_timesh_p2_s1,Step_1,T,T,undefined,undefined,undefined,T,T,undefined,tutorial/ba/timeshare/wt_ba_timesh_p2_s1.html,,,,none,rpt_object,undefined,T,T,active,active,not_active,not_active,not_active,hidden,hidden,hidden,hidden,,,,,,,tutorial/ba/timeshare/,"During this section we will walk through the basic Splunk Search UI components used for Searching and Reporting, and available in any Splunk UI Application."
uc_ba,wt_ba_timesh,Walkthrough - Business - TimeShare Example,4,4,2,wt_ba_timesh_p2,Part 2 - Build,2,wt_ba_timesh_p2_s2,Step_2,T,T,undefined,undefined,undefined,T,T,undefined,tutorial/ba/timeshare/wt_ba_timesh_p2_s2.html,,,,none,rpt_object,undefined,T,T,active,active,active,not_active,not_active,hidden,hidden,hidden,hidden,,,,,,,tutorial/ba/timeshare/,"During this section we will walk through the basic Splunk Search UI components used for Searching and Reporting, and available in any Splunk UI Application."
uc_ba,wt_ba_timesh,Walkthrough - Business - TimeShare Example,4,4,2,wt_ba_timesh_p2,Part 2 - Build,3,wt_ba_timesh_p2_s3,Step_3,T,T,undefined,undefined,undefined,T,T,undefined,tutorial/ba/timeshare/wt_ba_timesh_p2_s3.html,,,,none,rpt_object,undefined,T,T,active,active,active,active,not_active,hidden,hidden,hidden,hidden,,,,,,,tutorial/ba/timeshare/,"During this section we will walk through the basic Splunk Search UI components used for Searching and Reporting, and available in any Splunk UI Application."
uc_ba,wt_ba_timesh,Walkthrough - Business - TimeShare Exampled,4,4,2,wt_ba_timesh_p2,Part 2 - Build,4,wt_ba_timesh_p2_s4,review,T,T,undefined,T,undefined,undefined,T,undefined,tutorial/ba/timeshare/wt_ba_timesh_p2_s4.html,tutorial/ba/timeshare/wt_ba_timesh_p2_s4a.html,,,none,,T,undefined,T,active,active,active,active,active,hidden,hidden,hidden,hidden,,,,,,,tutorial/ba/timeshare/,"During this section we will walk through the basic Splunk Search UI components used for Searching and Reporting, and available in any Splunk UI Application."
uc_ba,wt_ba_timesh,Walkthrough - Business - TimeShare Example,4,5,3,wt_ba_timesh_p3,Part 3 - Enhance,0,wt_ba_timesh_p3_s0,Start,T,T,undefined,T,undefined,undefined,T,undefined,tutorial/ba/timeshare/wt_ba_timesh_p3_s0.html,tutorial/ba/timeshare/wt_ba_timesh_p3_s0a.html,,,none,,undefined,T,undefined,active,not_active,not_active,not_active,not_active,hidden,hidden,hidden,hidden,,,,,,,tutorial/ba/timeshare/,"During this section we will walk through the basic Splunk Search UI components used for Searching and Reporting, and available in any Splunk UI Application."
uc_ba,wt_ba_timesh,Walkthrough - Business - TimeShare Example,4,5,3,wt_ba_timesh_p3,Part 3 - Enhance,1,wt_ba_timesh_p3_s1,Step_1,T,T,undefined,undefined,undefined,T,T,undefined,tutorial/ba/timeshare/wt_ba_timesh_p3_s1.html,,,,none,dash_object,undefined,T,T,active,active,not_active,not_active,not_active,hidden,hidden,hidden,hidden,,,,,,,tutorial/ba/timeshare/,"During this section we will walk through the basic Splunk Search UI components used for Searching and Reporting, and available in any Splunk UI Application."
uc_ba,wt_ba_timesh,Walkthrough - Business - TimeShare Example,4,5,3,wt_ba_timesh_p3,Part 3 - Enhance,2,wt_ba_timesh_p3_s2,Step_2,T,T,undefined,undefined,undefined,T,T,undefined,tutorial/ba/timeshare/wt_ba_timesh_p3_s2.html,,,,none,dash_object,undefined,T,T,active,active,active,not_active,not_active,hidden,hidden,hidden,hidden,,,,,,,tutorial/ba/timeshare/,"During this section we will walk through the basic Splunk Search UI components used for Searching and Reporting, and available in any Splunk UI Application."
uc_ba,wt_ba_timesh,Walkthrough - Business - TimeShare Example,4,5,3,wt_ba_timesh_p3,Part 3 - Enhance,3,wt_ba_timesh_p3_s3,Step_3,T,T,undefined,undefined,undefined,T,T,undefined,tutorial/ba/timeshare/wt_ba_timesh_p3_s3.html,,,,none,dash_object,undefined,T,T,active,active,active,active,not_active,hidden,hidden,hidden,hidden,,,,,,,tutorial/ba/timeshare/,"During this section we will walk through the basic Splunk Search UI components used for Searching and Reporting, and available in any Splunk UI Application."
uc_ba,wt_ba_timesh,Walkthrough - Business - TimeShare Example,4,5,3,wt_ba_timesh_p3,Part 3 - Enhance,4,wt_ba_timesh_p3_s4,review,T,T,undefined,T,undefined,undefined,T,undefined,tutorial/ba/timeshare/wt_ba_timesh_p3_s4.html,tutorial/ba/timeshare/wt_ba_timesh_p3_s4a.html,,,none,,T,undefined,T,active,active,active,active,active,hidden,hidden,hidden,hidden,,,,,,,tutorial/ba/timeshare/,"During this section we will walk through the basic Splunk Search UI components used for Searching and Reporting, and available in any Splunk UI Application."
uc_ba,wt_ba_timesh,Walkthrough - Business - TimeShare Example,4,0,4,wt_ba_timesh_p4,Review,0,wt_ba_timesh_p4,review,T,undefined,T,undefined,undefined,undefined,undefined,undefined,,,tutorial/ba/timeshare/wt_ba_timesh_finish.html,,none,,T,undefined,T,hidden,hidden,hidden,hidden,hidden,hidden,hidden,hidden,hidden,,,,,,,tutorial/ba/timeshare/,"During this section we will walk through the basic Splunk Search UI components used for Searching and Reporting, and available in any Splunk UI Application."
uc_itoa,tut_itoa_appmgmt,Walkthrough - IT Operations - DiskIsFull,5,0,0,tut_itoa_appmgmt_p0,Scenario,0,tut_itoa_appmgmt_p0,,T,undefined,T,undefined,undefined,undefined,undefined,undefined,,,tutorial/itoa/appmgmt/wt_appmgmt_start.html,,none,,undefined,T,undefined,hidden,hidden,hidden,hidden,hidden,hidden,hidden,hidden,hidden,,,,search?q=%60vj_walk%60%20sourcetype%3Dvj%3Aaccess_combined%20%22action%3Dpurchase%22%20%22503%22%20%22verify_funds%22&display.page.search.mode=verbose&earliest=-60m%40m&latest=now&hideChrome=True&hideEdit=True,,,tutorial/itoa/overview/appmgmt/,This brief tutorial will quickly walk you through a IT Operations - Scenario and how to leverage Splunk for root cause analysis.
uc_itoa,tut_itoa_appmgmt,Walkthrough - IT Operations - DiskIsFull,5,0,1,tut_itoa_appmgmt_p1,Executive Overview,0,tut_itoa_appmgmt_p1_s0,,undefined,undefined,undefined,undefined,undefined,undefined,undefined,T,,,,,none,,undefined,T,T,hidden,hidden,hidden,hidden,hidden,hidden,hidden,hidden,hidden,,,,,,,tutorial/itoa/overview/appmgmt/,This brief tutorial will quickly walk you through a IT Operations - Scenario and how to leverage Splunk for root cause analysis.
uc_itoa,tut_itoa_appmgmt,Walkthrough - IT Operations - DiskIsFull,5,0,2,tut_itoa_appmgmt_p2,Operational Visibility,0,tut_itoa_appmgmt_p1_s1,,undefined,undefined,undefined,undefined,undefined,undefined,undefined,T,,,,,none,,undefined,T,T,hidden,hidden,hidden,hidden,hidden,hidden,hidden,hidden,hidden,,,,,,,tutorial/itoa/overview/appmgmt/,This brief tutorial will quickly walk you through a IT Operations - Scenario and how to leverage Splunk for root cause analysis.
uc_itoa,tut_itoa_appmgmt,Walkthrough - IT Operations - DiskIsFull,5,0,3,tut_itoa_appmgmt_p3,Environment State,0,tut_itoa_appmgmt_p1_s2,,undefined,undefined,undefined,undefined,undefined,undefined,undefined,T,,,,,none,,undefined,T,T,hidden,hidden,hidden,hidden,hidden,hidden,hidden,hidden,hidden,,,,,,,tutorial/itoa/overview/appmgmt/,This brief tutorial will quickly walk you through a IT Operations - Scenario and how to leverage Splunk for root cause analysis.
uc_itoa,tut_itoa_appmgmt,Walkthrough - IT Operations - DiskIsFull,5,0,4,tut_itoa_appmgmt_p4,Forensic Analysis,0,tut_itoa_appmgmt_p1_s3,,T,T,undefined,undefined,undefined,T,T,undefined,tutorial/itoa/appmgmt/wt_appmgmt_p4.html,,,,none,srch_object,undefined,T,T,hidden,hidden,hidden,hidden,hidden,hidden,hidden,hidden,hidden,,,,,,,tutorial/itoa/overview/appmgmt/,This brief tutorial will quickly walk you through a IT Operations - Scenario and how to leverage Splunk for root cause analysis.
uc_itoa,tut_itoa_appmgmt,Walkthrough - IT Operations - DiskIsFull,5,0,5,tut_itoa_appmgmt_p5,Review,0,tut_itoa_appmgmt_p1_s4,,T,undefined,T,undefined,undefined,undefined,undefined,undefined,,,tutorial/itoa/appmgmt/wt_appmgmt_finish.html,,none,,undefined,undefined,T,hidden,hidden,hidden,hidden,hidden,hidden,hidden,hidden,hidden,,,,,,,tutorial/itoa/overview/appmgmt/,This brief tutorial will quickly walk you through a IT Operations - Scenario and how to leverage Splunk for root cause analysis.
uc_sec,tut_sec_ioc,Walkthrough - Security - IoC,5,0,0,tut_sec_ioc_p0,Scenario,0,tut_sec_ioc_p0,,T,undefined,T,undefined,undefined,undefined,undefined,undefined,,,tutorial/security/ioc/wt_sec_start.html,,none,,undefined,T,undefined,hidden,hidden,hidden,hidden,hidden,hidden,hidden,hidden,hidden,,,,,,,walkthrough/security/,This brief tutorial will quickly walk you through a Secuirty - Scenario around using Splunk to determine Indicators of Compromise.
uc_sec,tut_sec_ioc,Walkthrough - Security - IoC,5,0,1,tut_sec_ioc_p1,Part 1 - Detection,0,tut_sec_ioc_p1,,undefined,undefined,undefined,undefined,undefined,undefined,undefined,undefined,,,,,none,,undefined,T,T,hidden,hidden,hidden,hidden,hidden,hidden,hidden,hidden,hidden,,,,,,,walkthrough/security/,This brief tutorial will quickly walk you through a Secuirty - Scenario around using Splunk to determine Indicators of Compromise.
uc_sec,tut_sec_ioc,Walkthrough - Security - IoC,5,0,2,tut_sec_ioc_p2,Part 2 - Activity,0,tut_sec_ioc_p2,,undefined,undefined,undefined,undefined,undefined,undefined,undefined,undefined,,,,,none,,undefined,T,T,hidden,hidden,hidden,hidden,hidden,hidden,hidden,hidden,hidden,,,,,,,walkthrough/security/,This brief tutorial will quickly walk you through a Secuirty - Scenario around using Splunk to determine Indicators of Compromise.
uc_sec,tut_sec_ioc,Walkthrough - Security - IoC,5,0,3,tut_sec_ioc_p3,Part 3 - Affect,0,tut_sec_ioc_p3,,undefined,undefined,undefined,undefined,undefined,undefined,undefined,undefined,,,,,none,,undefined,T,T,hidden,hidden,hidden,hidden,hidden,hidden,hidden,hidden,hidden,,,,,,,walkthrough/security/,This brief tutorial will quickly walk you through a Secuirty - Scenario around using Splunk to determine Indicators of Compromise.
uc_sec,tut_sec_ioc,Walkthrough - Security - IoC,5,0,4,tut_sec_ioc_p4,Part 4 - Forensics,0,tut_sec_ioc_p4,,undefined,undefined,undefined,undefined,undefined,undefined,undefined,undefined,,,,,none,,undefined,T,T,hidden,hidden,hidden,hidden,hidden,hidden,hidden,hidden,hidden,,,,,,,walkthrough/security/,This brief tutorial will quickly walk you through a Secuirty - Scenario around using Splunk to determine Indicators of Compromise.
uc_sec,tut_sec_ioc,Walkthrough - Security - IoC,5,0,5,tut_sec_ioc_p5,Review,0,tut_sec_ioc_p5,,T,undefined,T,undefined,undefined,undefined,undefined,undefined,,,tutorial/security/ioc/wt_sec_finish.html,,none,,undefined,undefined,T,hidden,hidden,hidden,hidden,hidden,hidden,hidden,hidden,hidden,,,,,,,walkthrough/security/,This brief tutorial will quickly walk you through a Secuirty - Scenario around using Splunk to determine Indicators of Compromise.